Target_ID,RA (deg),Dec (deg),Time (UTC),MAST_Visible,MAST_Visible_in_Future,MAST_Obs_Windows_48h,SOXS_Visible,SOXS_Visible_in_Future,SOXS_Obs_Windows_48h,WILDS_Visible,WILDS_Visible_in_Future,WILDS_Obs_Windows_48h,WILDS_airmass,WILDS_moon_illumination,WILDS_moon_separation_deg,WILDS_moon_altitude_deg,WILDS_sun_altitude_deg,SOXS_airmass,SOXS_moon_illumination,SOXS_moon_separation_deg,SOXS_moon_altitude_deg,SOXS_sun_altitude_deg,MAST_airmass,MAST_moon_illumination,MAST_moon_separation_deg,MAST_moon_altitude_deg,MAST_sun_altitude_deg
T_0,296.06,-20.66,2027-01-15 01:44:43,False,False,[],False,False,[],False,False,[],,,,,,,,,,,,,,,
T_1,300.63,62.24,2026-05-21 09:18:41,False,False,"[(np.float64(11.0), np.float64(15.75)), (np.float64(35.0), np.float64(39.75))]",False,False,[],True,True,"[(np.float64(0.0), np.float64(1.25)), (np.float64(20.25), np.float64(25.25)), (np.float64(44.25), np.float64(48.0))]",1.216,0.278,96.52,-22.87,-28.61,,,,,,,,,,
T_2,323.21,-53.59,2027-02-23 16:53:26,False,False,[],False,False,[],False,False,[],,,,,,,,,,,,,,,
T_3,356.75,-41.99,2027-02-22 07:27:03,False,False,[],False,False,[],False,False,[],,,,,,,,,,,,,,,
T_4,15.73,-11.45,2026-05-27 01:15:28,False,False,[],False,False,"[(np.float64(8.25), np.float64(8.75)), (np.float64(32.25), np.float64(32.75))]",False,False,[],,,,,,,,,,,,,,,
T_5,356.97,-28.24,2027-02-03 15:05:07,False,False,[],False,False,[],False,False,[],,,,,,,,,,,,,,,
T_6,3.72,5.42,2026-10-09 15:16:13,False,False,"[(np.float64(1.75), np.float64(9.25)), (np.float64(25.5), np.float64(33.25))]",False,False,"[(np.float64(9.25), np.float64(15.75)), (np.float64(33.25), np.float64(39.75))]",False,False,"[(np.float64(11.5), np.float64(18.75)), (np.float64(35.5), np.float64(42.75))]",,,,,,,,,,,,,,,
T_7,114.79,-47.43,2026-12-11 16:25:18,False,False,[],False,False,"[(np.float64(9.5), np.float64(15.5)), (np.float64(33.5), np.float64(39.5))]",False,False,[],,,,,,,,,,,,,,,
T_8,234.47,30.93,2027-01-02 22:05:22,False,False,"[(np.float64(3.75), np.float64(5.0)), (np.float64(27.75), np.float64(29.0))]",False,False,[],False,False,"[(np.float64(13.5), np.float64(14.75)), (np.float64(37.25), np.float64(38.75))]",,,,,,,,,,,,,,,
T_9,342.25,-34.13,2026-12-14 01:10:46,False,False,[],False,False,"[(np.float64(0.25), np.float64(1.5)), (np.float64(24.25), np.float64(25.5))]",False,False,[],,,,,,,,,,,,,,,
T_10,240.68,47.6,2026-03-17 07:32:07,False,False,"[(np.float64(13.5), np.float64(18.75)), (np.float64(37.5), np.float64(42.75))]",False,False,[],True,True,"[(np.float64(0.0), np.float64(4.5)), (np.float64(23.0), np.float64(28.5)), (np.float64(46.75), np.float64(48.0))]",1.521,0.037,101.82,-60.12,-56.55,,,,,,,,,,
T_11,233.1,-41.49,2026-04-30 02:11:36,False,False,[],True,True,"[(np.float64(0.0), np.float64(7.5)), (np.float64(22.75), np.float64(31.5)), (np.float64(46.5), np.float64(48.0))]",False,False,[],,,,,,1.401,0.974,42.95,65.15,-52.84,,,,,
T_12,337.94,33.32,2026-08-26 17:17:15,False,False,"[(np.float64(0.5), np.float64(8.5)), (np.float64(24.25), np.float64(32.5))]",False,False,[],False,False,"[(np.float64(10.25), np.float64(18.0)), (np.float64(34.25), np.float64(42.0))]",,,,,,,,,,,,,,,
T_13,232.72,29.16,2026-09-14 02:11:57,False,False,"[(np.float64(15.0), np.float64(16.0)), (np.float64(39.0), np.float64(40.0))]",False,False,[],False,False,"[(np.float64(1.0), np.float64(2.0)), (np.float64(25.0), np.float64(25.75))]",,,,,,,,,,,,,,,
T_14,210.6,26.95,2026-07-08 21:57:32,False,False,"[(np.float64(20.5), np.float64(23.0)), (np.float64(44.5), np.float64(47.0))]",False,False,"[(np.float64(1.5), np.float64(3.0)), (np.float64(25.5), np.float64(27.0))]",False,False,"[(np.float64(6.5), np.float64(9.0)), (np.float64(30.5), np.float64(33.0))]",,,,,,,,,,,,,,,
T_15,351.3,-29.91,2026-04-20 03:15:36,False,False,[],False,False,[],False,False,[],,,,,,,,,,,,,,,
T_16,290.58,-15.75,2026-04-05 02:48:14,False,False,"[(np.float64(22.75), np.float64(23.0)), (np.float64(46.75), np.float64(47.0))]",False,False,"[(np.float64(4.25), np.float64(6.75)), (np.float64(28.25), np.float64(30.75))]",False,False,[],,,,,,,,,,,,,,,
T_17,285.89,-11.55,2027-01-21 19:49:15,False,False,[],False,False,[],False,False,[],,,,,,,,,,,,,,,
T_18,113.94,31.79,2026-10-12 09:40:59,False,False,"[(np.float64(13.5), np.float64(16.5)), (np.float64(37.5), np.float64(40.5))]",False,False,[],True,True,"[(np.float64(0.0), np.float64(2.25)), (np.float64(23.25), np.float64(26.25)), (np.float64(47.0), np.float64(48.0))]",1.537,0.034,109.67,-67.62,-46.54,,,,,,,,,,
T_19,230.65,24.4,2026-04-11 04:18:41,False,False,"[(np.float64(15.0), np.float64(21.5)), (np.float64(39.0), np.float64(45.5))]",False,False,"[(np.float64(0.75), np.float64(4.25)), (np.float64(24.75), np.float64(28.25))]",False,False,"[(np.float64(0.75), np.float64(7.0)), (np.float64(24.75), np.float64(31.0))]",,,,,,,,,,,,,,,
T_20,328.84,67.49,2026-07-03 00:37:55,True,True,"[(np.float64(0.0), np.float64(0.25)), (np.float64(18.75), np.float64(24.25)), (np.float64(42.75), np.float64(48.0))]",False,False,[],False,False,"[(np.float64(4.0), np.float64(9.75)), (np.float64(28.0), np.float64(33.75))]",,,,,,,,,,,1.262,0.917,86.49,40.86,-22.52
T_21,319.17,-47.79,2026-09-26 17:28:24,False,False,[],False,False,"[(np.float64(6.75), np.float64(13.0)), (np.float64(30.75), np.float64(37.0))]",False,False,[],,,,,,,,,,,,,,,
T_22,226.69,-59.76,2027-01-30 16:46:51,False,False,[],False,False,"[(np.float64(13.25), np.float64(15.75)), (np.float64(37.25), np.float64(39.75))]",False,False,[],,,,,,,,,,,,,,,
T_23,215.03,16.19,2026-08-05 15:52:26,False,False,"[(np.float64(2.25), np.float64(3.25)), (np.float64(26.25), np.float64(27.25))]",False,False,"[(np.float64(7.75), np.float64(8.75)), (np.float64(31.75), np.float64(32.75))]",False,False,"[(np.float64(12.25), np.float64(13.0)), (np.float64(36.25), np.float64(37.0))]",,,,,,,,,,,,,,,
T_24,161.01,35.16,2026-06-29 20:43:54,False,False,"[(np.float64(21.75), np.float64(21.75)), (np.float64(45.75), np.float64(45.75))]",False,False,[],False,False,[],,,,,,,,,,,,,,,
T_25,51.62,-6.81,2026-10-25 11:30:53,False,False,"[(np.float64(8.25), np.float64(14.5)), (np.float64(32.0), np.float64(38.5))]",False,False,"[(np.float64(14.5), np.float64(20.75)), (np.float64(38.5), np.float64(44.75))]",True,True,"[(np.float64(0.0), np.float64(0.0)), (np.float64(18.25), np.float64(24.0)), (np.float64(42.0), np.float64(48.0))]",1.883,0.992,38.07,18.27,-27.4,,,,,,,,,,
T_26,100.66,14.03,2026-09-23 05:21:00,False,False,"[(np.float64(18.75), np.float64(20.75)), (np.float64(42.75), np.float64(44.75))]",False,False,"[(np.float64(3.25), np.float64(3.75)), (np.float64(27.25), np.float64(27.75))]",False,False,"[(np.float64(4.5), np.float64(6.5)), (np.float64(28.5), np.float64(30.5))]",,,,,,,,,,,,,,,
T_27,73.02,30.61,2026-05-12 07:37:16,False,False,[],False,False,[],False,False,[],,,,,,,,,,,,,,,
T_28,231.88,-5.26,2026-07-07 07:09:07,False,False,"[(np.float64(11.25), np.float64(14.25)), (np.float64(35.25), np.float64(38.0))]",False,False,"[(np.float64(16.25), np.float64(21.75)), (np.float64(40.25), np.float64(45.75))]",False,False,"[(np.float64(21.5), np.float64(23.75)), (np.float64(45.5), np.float64(47.75))]",,,,,,,,,,,,,,,
T_29,219.73,-44.54,2027-02-19 11:38:31,False,False,[],False,False,"[(np.float64(16.75), np.float64(21.25)), (np.float64(40.75), np.float64(45.25))]",False,False,[],,,,,,,,,,,,,,,
T_30,335.96,6.22,2027-02-02 20:06:59,False,False,[],False,False,[],False,False,[],,,,,,,,,,,,,,,
T_31,244.56,42.01,2026-12-02 14:03:16,False,False,[],False,False,[],False,False,[],,,,,,,,,,,,,,,
T_32,139.51,52.82,2026-10-21 06:49:15,False,False,"[(np.float64(17.0), np.float64(19.5)), (np.float64(41.0), np.float64(43.5))]",False,False,[],False,False,"[(np.float64(2.5), np.float64(5.25)), (np.float64(26.5), np.float64(29.25))]",,,,,,,,,,,,,,,
T_33,174.2,20.55,2026-06-17 15:09:52,False,False,"[(np.float64(3.25), np.float64(4.75)), (np.float64(27.25), np.float64(28.75))]",False,False,"[(np.float64(8.25), np.float64(9.75)), (np.float64(32.25), np.float64(33.5))]",False,False,"[(np.float64(13.5), np.float64(14.5)), (np.float64(37.5), np.float64(38.5))]",,,,,,,,,,,,,,,
T_34,149.57,-61.02,2026-08-11 03:38:20,False,False,[],False,False,[],False,False,[],,,,,,,,,,,,,,,
T_35,229.39,-17.35,2026-11-21 20:35:07,False,False,[],False,False,[],False,False,[],,,,,,,,,,,,,,,
T_36,18.48,19.69,2026-06-03 23:05:55,False,False,[],False,False,[],False,False,[],,,,,,,,,,,,,,,
T_37,324.56,51.89,2026-04-12 20:53:23,False,False,"[(np.float64(4.0), np.float64(4.75)), (np.float64(27.75), np.float64(28.75))]",False,False,[],False,False,"[(np.float64(13.25), np.float64(14.5)), (np.float64(37.25), np.float64(38.5))]",,,,,,,,,,,,,,,
T_38,57.79,-6.91,2026-12-30 03:11:25,False,False,"[(np.float64(13.25), np.float64(19.0)), (np.float64(37.25), np.float64(42.75))]",True,True,"[(np.float64(0.0), np.float64(2.75)), (np.float64(22.25), np.float64(26.5)), (np.float64(46.25), np.float64(48.0))]",True,True,"[(np.float64(0.0), np.float64(4.5)), (np.float64(22.75), np.float64(28.5)), (np.float64(46.75), np.float64(48.0))]",1.469,0.571,120.58,-44.97,-33.36,1.131,0.571,121.1,-11.0,-32.93,,,,,
T_39,177.6,34.5,2026-07-16 06:41:42,False,False,"[(np.float64(11.75), np.float64(12.0)), (np.float64(35.75), np.float64(35.75))]",False,False,[],False,False,"[(np.float64(21.75), np.float64(21.75)), (np.float64(45.75), np.float64(45.75))]",,,,,,,,,,,,,,,
T_40,254.19,-4.38,2026-06-07 17:17:38,False,False,"[(np.float64(1.0), np.float64(7.5)), (np.float64(25.0), np.float64(31.5))]",False,False,"[(np.float64(7.5), np.float64(15.0)), (np.float64(31.5), np.float64(39.0))]",False,False,"[(np.float64(11.25), np.float64(17.0)), (np.float64(35.25), np.float64(41.0))]",,,,,,,,,,,,,,,
T_41,130.99,11.68,2026-06-26 17:26:42,False,False,[],False,False,[],False,False,[],,,,,,,,,,,,,,,
T_42,149.35,-44.42,2027-03-03 01:27:50,False,False,[],True,True,"[(np.float64(0.0), np.float64(7.5)), (np.float64(23.25), np.float64(31.25)), (np.float64(47.25), np.float64(48.0))]",False,False,[],,,,,,1.199,0.244,99.11,-35.11,-28.46,,,,,
T_43,61.11,-38.47,2026-12-02 03:45:14,False,False,[],True,True,"[(np.float64(0.0), np.float64(4.25)), (np.float64(21.5), np.float64(28.25)), (np.float64(45.5), np.float64(48.0))]",False,False,[],,,,,,1.015,0.405,106.97,-22.66,-37.58,,,,,
T_44,235.66,-2.34,2026-04-26 19:19:58,False,False,"[(np.float64(0.25), np.float64(6.25)), (np.float64(24.25), np.float64(30.0))]",False,False,"[(np.float64(7.25), np.float64(14.25)), (np.float64(31.0), np.float64(38.25))]",False,False,"[(np.float64(10.25), np.float64(15.75)), (np.float64(34.25), np.float64(39.75))]",,,,,,,,,,,,,,,
T_45,299.93,10.61,2026-07-05 10:01:11,False,False,"[(np.float64(8.75), np.float64(15.0)), (np.float64(32.75), np.float64(39.0))]",False,False,"[(np.float64(16.75), np.float64(22.75)), (np.float64(40.75), np.float64(46.75))]",True,True,"[(np.float64(0.0), np.float64(0.5)), (np.float64(18.5), np.float64(24.5)), (np.float64(42.5), np.float64(48.0))]",1.169,0.744,47.86,43.97,-22.42,,,,,,,,,,
T_46,359.86,-8.82,2026-09-26 11:33:54,False,False,"[(np.float64(6.75), np.float64(12.75)), (np.float64(30.5), np.float64(36.75))]",False,False,"[(np.float64(13.0), np.float64(20.75)), (np.float64(36.75), np.float64(44.5))]",False,False,"[(np.float64(16.75), np.float64(22.25)), (np.float64(40.75), np.float64(46.25))]",,,,,,,,,,,,,,,
T_47,119.92,1.98,2026-09-11 02:21:18,False,False,[],False,False,[],False,False,[],,,,,,,,,,,,,,,
T_48,5.58,-50.84,2026-04-05 00:43:18,False,False,[],False,False,[],False,False,[],,,,,,,,,,,,,,,
T_49,266.65,58.33,2026-05-02 07:28:50,False,False,"[(np.float64(12.0), np.float64(17.75)), (np.float64(36.0), np.float64(41.75))]",False,False,[],True,True,"[(np.float64(0.0), np.float64(3.5)), (np.float64(21.25), np.float64(27.5)), (np.float64(45.25), np.float64(48.0))]",1.275,0.995,88.19,32.47,-39.83,,,,,,,,,,
T_50,70.83,-10.82,2026-11-20 12:52:30,False,False,"[(np.float64(6.5), np.float64(12.5)), (np.float64(30.5), np.float64(36.5))]",False,False,"[(np.float64(12.5), np.float64(19.0)), (np.float64(36.5), np.float64(43.0))]",False,False,"[(np.float64(16.75), np.float64(22.0)), (np.float64(40.5), np.float64(45.75))]",,,,,,,,,,,,,,,
T_51,171.72,84.99,2026-10-25 01:53:22,True,True,"[(np.float64(0.0), np.float64(0.5)), (np.float64(23.25), np.float64(24.5)), (np.float64(47.0), np.float64(48.0))]",False,False,[],False,False,"[(np.float64(0.25), np.float64(1.0)), (np.float64(4.5), np.float64(10.25)), (np.float64(24.25), np.float64(25.0)), (np.float64(28.5), np.float64(34.25))]",,,,,,,,,,,1.929,0.983,84.98,10.62,-25.51
T_52,328.02,-86.18,2026-04-10 10:03:24,False,False,[],False,False,"[(np.float64(22.25), np.float64(23.5)), (np.float64(46.25), np.float64(47.5))]",False,False,[],,,,,,,,,,,,,,,
T_53,104.03,-36.06,2026-05-29 21:05:01,False,False,[],False,False,"[(np.float64(2.25), np.float64(2.75)), (np.float64(26.25), np.float64(26.75))]",False,False,[],,,,,,,,,,,,,,,
T_54,90.46,-51.8,2026-05-04 09:43:28,False,False,[],False,False,"[(np.float64(13.75), np.float64(15.25)), (np.float64(37.75), np.float64(39.25))]",False,False,[],,,,,,,,,,,,,,,
T_55,189.03,-19.42,2027-01-08 16:13:31,False,False,"[(np.float64(8.75), np.float64(10.75)), (np.float64(32.5), np.float64(34.75))]",False,False,"[(np.float64(13.5), np.float64(16.0)), (np.float64(37.5), np.float64(40.0))]",False,False,"[(np.float64(19.0), np.float64(20.75)), (np.float64(42.75), np.float64(44.75))]",,,,,,,,,,,,,,,
T_56,83.79,-10.9,2026-08-28 20:19:39,False,False,"[(np.float64(5.5), np.float64(5.5)), (np.float64(29.5), np.float64(29.5))]",False,False,"[(np.float64(11.5), np.float64(13.25)), (np.float64(35.5), np.float64(37.25))]",False,False,[],,,,,,,,,,,,,,,
T_57,322.37,-58.14,2026-07-08 02:56:20,False,False,[],True,True,"[(np.float64(0.0), np.float64(7.25)), (np.float64(23.0), np.float64(31.25)), (np.float64(47.0), np.float64(48.0))]",False,False,[],,,,,,1.61,0.467,82.77,-30.23,-64.06,,,,,
T_58,11.5,-20.06,2027-02-09 22:29:24,False,False,[],False,False,[],False,False,[],,,,,,,,,,,,,,,
T_59,308.41,-10.53,2026-12-26 10:31:00,False,False,[],False,False,[],False,False,[],,,,,,,,,,,,,,,
T_60,160.37,6.26,2026-04-23 07:04:23,False,False,"[(np.float64(10.75), np.float64(15.0)), (np.float64(34.75), np.float64(39.0))]",False,False,"[(np.float64(16.75), np.float64(21.5)), (np.float64(40.75), np.float64(45.5))]",True,True,"[(np.float64(0.0), np.float64(0.75)), (np.float64(20.75), np.float64(24.75)), (np.float64(44.75), np.float64(48.0))]",1.566,0.411,48.15,12.59,-42.44,,,,,,,,,,
T_61,65.0,-55.78,2026-09-25 08:49:07,False,False,[],True,True,"[(np.float64(0.0), np.float64(0.25)), (np.float64(18.75), np.float64(24.25)), (np.float64(42.75), np.float64(48.0))]",False,False,[],,,,,,1.117,0.979,81.0,10.43,-22.32,,,,,
T_62,339.25,-16.67,2026-05-05 09:59:20,False,False,[],False,False,"[(np.float64(22.25), np.float64(23.75)), (np.float64(46.25), np.float64(47.75))]",False,False,[],,,,,,,,,,,,,,,
T_63,268.72,9.83,2027-02-17 12:51:51,False,False,"[(np.float64(13.0), np.float64(14.0)), (np.float64(37.0), np.float64(38.0))]",False,False,[],False,False,"[(np.float64(22.75), np.float64(23.75)), (np.float64(46.75), np.float64(47.75))]",,,,,,,,,,,,,,,
T_64,235.31,-88.55,2026-05-10 19:00:24,False,False,[],False,False,"[(np.float64(6.75), np.float64(14.25)), (np.float64(30.75), np.float64(38.0))]",False,False,[],,,,,,,,,,,,,,,
T_65,127.2,-5.94,2026-09-21 12:44:25,False,False,[],False,False,[],False,False,[],,,,,,,,,,,,,,,
T_66,53.78,60.36,2026-03-29 05:48:20,False,False,"[(np.float64(11.5), np.float64(12.25)), (np.float64(35.5), np.float64(36.25))]",False,False,[],False,False,"[(np.float64(21.5), np.float64(22.5)), (np.float64(45.5), np.float64(46.5))]",,,,,,,,,,,,,,,
T_67,126.37,13.92,2026-06-18 19:39:20,False,False,[],False,False,[],False,False,[],,,,,,,,,,,,,,,
T_68,174.53,-59.95,2027-02-20 15:56:50,False,False,[],False,False,"[(np.float64(9.25), np.float64(17.0)), (np.float64(33.0), np.float64(41.0))]",False,False,[],,,,,,,,,,,,,,,
T_69,223.81,-3.56,2026-04-19 02:57:01,False,False,"[(np.float64(16.5), np.float64(22.75)), (np.float64(40.5), np.float64(46.75))]",True,True,"[(np.float64(0.0), np.float64(6.5)), (np.float64(23.25), np.float64(30.5)), (np.float64(47.0), np.float64(48.0))]",False,False,"[(np.float64(2.5), np.float64(8.25)), (np.float64(26.5), np.float64(32.25))]",,,,,,1.506,0.04,160.32,-48.15,-59.55,,,,,
T_70,91.28,-49.29,2026-09-14 02:05:44,False,False,[],False,False,"[(np.float64(4.25), np.float64(7.25)), (np.float64(28.0), np.float64(31.25))]",False,False,[],,,,,,,,,,,,,,,
T_71,335.64,42.02,2026-06-06 17:54:34,False,False,"[(np.float64(4.25), np.float64(7.0)), (np.float64(28.25), np.float64(31.0))]",False,False,[],False,False,"[(np.float64(13.75), np.float64(16.5)), (np.float64(37.75), np.float64(40.5))]",,,,,,,,,,,,,,,
T_72,122.96,-42.91,2026-08-25 10:55:53,False,False,[],False,False,"[(np.float64(22.75), np.float64(22.75)), (np.float64(46.75), np.float64(46.75))]",False,False,[],,,,,,,,,,,,,,,
T_73,309.95,70.22,2026-07-26 10:47:21,False,False,"[(np.float64(7.5), np.float64(14.5)), (np.float64(31.5), np.float64(38.5))]",False,False,[],True,True,"[(np.float64(0.0), np.float64(0.0)), (np.float64(17.5), np.float64(24.0)), (np.float64(41.5), np.float64(48.0))]",1.361,0.909,103.34,-13.34,-18.97,,,,,,,,,,
T_74,153.58,35.25,2026-06-25 19:37:27,False,False,"[(np.float64(22.75), np.float64(22.75)), (np.float64(46.75), np.float64(46.75))]",False,False,[],False,False,[],,,,,,,,,,,,,,,
T_75,152.17,15.39,2026-05-26 16:19:50,False,False,"[(np.float64(2.0), np.float64(3.25)), (np.float64(26.0), np.float64(27.25))]",False,False,"[(np.float64(7.0), np.float64(9.0)), (np.float64(31.0), np.float64(32.75))]",False,False,"[(np.float64(12.0), np.float64(13.0)), (np.float64(36.0), np.float64(37.0))]",,,,,,,,,,,,,,,
T_76,44.87,5.0,2026-11-07 19:40:17,True,True,"[(np.float64(0.0), np.float64(5.5)), (np.float64(22.0), np.float64(29.5)), (np.float64(46.0), np.float64(48.0))]",False,False,"[(np.float64(5.5), np.float64(12.25)), (np.float64(29.5), np.float64(36.0))]",False,False,"[(np.float64(8.0), np.float64(15.25)), (np.float64(32.0), np.float64(39.25))]",,,,,,,,,,,1.242,0.023,157.38,-73.68,-62.77
T_77,205.86,15.61,2026-10-08 11:35:58,False,False,[],False,False,[],False,False,[],,,,,,,,,,,,,,,
T_78,253.0,4.44,2026-09-08 23:22:25,False,False,"[(np.float64(18.0), np.float64(19.75)), (np.float64(42.0), np.float64(43.5))]",False,False,"[(np.float64(0.5), np.float64(2.25)), (np.float64(24.5), np.float64(26.25))]",False,False,"[(np.float64(4.0), np.float64(5.25)), (np.float64(28.0), np.float64(29.25))]",,,,,,,,,,,,,,,
T_79,144.03,5.43,2026-10-02 22:54:32,False,False,[],False,False,[],False,False,[],,,,,,,,,,,,,,,
T_80,121.86,0.43,2026-04-07 10:08:53,False,False,"[(np.float64(7.5), np.float64(10.25)), (np.float64(31.5), np.float64(34.0))]",False,False,"[(np.float64(13.75), np.float64(17.25)), (np.float64(37.75), np.float64(41.0))]",False,False,"[(np.float64(17.25), np.float64(19.75)), (np.float64(41.25), np.float64(43.75))]",,,,,,,,,,,,,,,
T_81,110.44,23.51,2026-03-15 11:48:02,False,False,"[(np.float64(5.5), np.float64(10.0)), (np.float64(29.5), np.float64(34.0))]",False,False,"[(np.float64(12.75), np.float64(14.5)), (np.float64(36.5), np.float64(38.5))]",False,False,"[(np.float64(15.25), np.float64(20.0)), (np.float64(39.25), np.float64(43.75))]",,,,,,,,,,,,,,,
T_82,117.78,66.54,2026-06-23 06:10:33,False,False,[],False,False,[],False,False,[],,,,,,,,,,,,,,,
T_83,85.67,17.43,2026-07-30 23:08:57,False,False,[],False,False,[],False,False,[],,,,,,,,,,,,,,,
T_84,144.89,63.75,2026-07-10 08:00:07,False,False,[],False,False,[],False,False,[],,,,,,,,,,,,,,,
T_85,160.24,-13.17,2026-11-22 04:06:57,False,False,"[(np.float64(21.25), np.float64(22.5)), (np.float64(45.25), np.float64(46.5))]",False,False,"[(np.float64(3.25), np.float64(3.75)), (np.float64(27.0), np.float64(27.75))]",False,False,"[(np.float64(7.5), np.float64(8.5)), (np.float64(31.5), np.float64(32.5))]",,,,,,,,,,,,,,,
T_86,21.58,-51.11,2026-03-26 17:41:32,False,False,[],False,False,[],False,False,[],,,,,,,,,,,,,,,
T_87,186.06,-14.37,2026-05-20 22:44:11,False,False,"[(np.float64(19.5), np.float64(22.0)), (np.float64(43.5), np.float64(46.0))]",False,False,"[(np.float64(0.75), np.float64(6.5)), (np.float64(24.75), np.float64(30.5))]",False,False,"[(np.float64(5.5), np.float64(7.5)), (np.float64(29.5), np.float64(31.5))]",,,,,,,,,,,,,,,
T_88,350.54,-8.9,2026-03-14 05:07:41,False,False,[],False,False,[],False,False,[],,,,,,,,,,,,,,,
T_89,59.89,50.32,2026-10-01 03:03:10,False,False,"[(np.float64(16.75), np.float64(23.0)), (np.float64(40.75), np.float64(47.0))]",False,False,[],False,False,"[(np.float64(2.25), np.float64(8.75)), (np.float64(26.25), np.float64(32.75))]",,,,,,,,,,,,,,,
T_90,45.15,-38.11,2026-03-18 06:59:07,False,False,[],False,False,"[(np.float64(17.5), np.float64(17.75)), (np.float64(41.25), np.float64(41.75))]",False,False,[],,,,,,,,,,,,,,,
T_91,37.71,-58.45,2027-01-17 19:49:32,False,False,[],False,False,"[(np.float64(5.5), np.float64(8.75)), (np.float64(29.5), np.float64(32.75))]",False,False,[],,,,,,,,,,,,,,,
T_92,168.53,-74.43,2026-11-24 01:27:11,False,False,[],False,False,"[(np.float64(5.0), np.float64(6.5)), (np.float64(28.75), np.float64(30.5))]",False,False,[],,,,,,,,,,,,,,,
T_93,158.13,51.77,2026-04-18 21:09:12,True,True,"[(np.float64(0.0), np.float64(2.5)), (np.float64(20.5), np.float64(26.25)), (np.float64(44.5), np.float64(48.0))]",False,False,[],False,False,"[(np.float64(6.5), np.float64(12.5)), (np.float64(30.5), np.float64(36.5))]",,,,,,,,,,,1.251,0.03,87.74,-33.72,-48.27
T_94,220.87,58.0,2026-05-20 20:02:35,True,True,"[(np.float64(0.0), np.float64(5.0)), (np.float64(22.0), np.float64(29.0)), (np.float64(46.25), np.float64(48.0))]",False,False,[],False,False,"[(np.float64(8.25), np.float64(14.5)), (np.float64(32.25), np.float64(38.5))]",,,,,,,,,,,1.135,0.223,76.97,6.33,-35.0
T_95,202.25,31.88,2026-12-26 08:33:21,False,False,"[(np.float64(15.5), np.float64(18.5)), (np.float64(39.5), np.float64(42.5))]",False,False,[],False,False,"[(np.float64(1.25), np.float64(4.25)), (np.float64(25.25), np.float64(28.25))]",,,,,,,,,,,,,,,
T_96,244.98,9.55,2026-07-03 19:19:09,True,True,"[(np.float64(0.0), np.float64(3.75)), (np.float64(23.25), np.float64(27.75)), (np.float64(47.25), np.float64(48.0))]",False,False,"[(np.float64(4.25), np.float64(10.0)), (np.float64(28.25), np.float64(34.0))]",False,False,"[(np.float64(9.25), np.float64(13.5)), (np.float64(33.25), np.float64(37.5))]",,,,,,,,,,,1.068,0.87,84.97,0.43,-26.62
T_97,60.52,-44.63,2026-07-24 02:38:43,False,False,[],False,False,"[(np.float64(5.0), np.float64(7.5)), (np.float64(29.0), np.float64(31.5))]",False,False,[],,,,,,,,,,,,,,,
T_98,101.38,38.19,2026-11-14 04:02:08,False,False,"[(np.float64(16.0), np.float64(22.5)), (np.float64(40.0), np.float64(46.5))]",False,False,[],False,False,"[(np.float64(1.75), np.float64(8.5)), (np.float64(25.5), np.float64(32.5))]",,,,,,,,,,,,,,,
T_99,217.71,-44.67,2026-05-15 14:22:05,False,False,[],False,False,"[(np.float64(9.0), np.float64(18.25)), (np.float64(33.0), np.float64(42.0))]",False,False,[],,,,,,,,,,,,,,,
T_100,80.12,46.07,2026-10-06 13:01:28,False,False,"[(np.float64(8.0), np.float64(13.25)), (np.float64(32.0), np.float64(37.25))]",False,False,[],False,False,"[(np.float64(17.5), np.float64(23.0)), (np.float64(41.5), np.float64(47.0))]",,,,,,,,,,,,,,,
T_101,81.26,-21.44,2026-12-22 11:41:19,False,False,"[(np.float64(7.25), np.float64(11.25)), (np.float64(31.25), np.float64(35.25))]",False,False,"[(np.float64(13.75), np.float64(20.25)), (np.float64(37.75), np.float64(44.25))]",False,False,"[(np.float64(17.75), np.float64(20.5)), (np.float64(41.75), np.float64(44.25))]",,,,,,,,,,,,,,,
T_102,23.57,2.37,2026-03-16 20:35:29,False,False,[],False,False,[],False,False,[],,,,,,,,,,,,,,,
T_103,22.24,-6.94,2026-03-15 02:14:05,False,False,[],False,False,[],False,False,[],,,,,,,,,,,,,,,
T_104,44.03,53.32,2026-12-26 01:15:49,False,False,"[(np.float64(15.0), np.float64(22.25)), (np.float64(39.0), np.float64(46.0))]",False,False,[],False,False,"[(np.float64(0.75), np.float64(8.25)), (np.float64(24.75), np.float64(32.25))]",,,,,,,,,,,,,,,
T_105,165.66,31.48,2026-07-17 15:09:29,False,False,[],False,False,[],False,False,[],,,,,,,,,,,,,,,
T_106,187.28,38.27,2026-06-22 08:41:43,False,False,"[(np.float64(9.75), np.float64(12.25)), (np.float64(33.75), np.float64(36.25))]",False,False,[],False,False,"[(np.float64(20.0), np.float64(22.25)), (np.float64(44.0), np.float64(46.0))]",,,,,,,,,,,,,,,
T_107,21.14,-3.17,2026-08-01 08:13:58,False,False,"[(np.float64(14.75), np.float64(17.25)), (np.float64(38.75), np.float64(41.25))]",True,True,"[(np.float64(0.0), np.float64(1.75)), (np.float64(21.5), np.float64(25.75)), (np.float64(45.5), np.float64(48.0))]",False,False,"[(np.float64(0.75), np.float64(2.75)), (np.float64(24.75), np.float64(26.75))]",,,,,,1.175,0.927,40.14,59.49,-42.16,,,,,
T_108,273.52,17.46,2026-06-16 11:45:05,False,False,"[(np.float64(6.75), np.float64(13.25)), (np.float64(30.75), np.float64(37.25))]",False,False,"[(np.float64(15.0), np.float64(20.0)), (np.float64(39.0), np.float64(44.0))]",False,False,"[(np.float64(16.75), np.float64(22.5)), (np.float64(40.75), np.float64(46.5))]",,,,,,,,,,,,,,,
T_109,38.82,29.45,2026-11-27 12:17:53,False,False,"[(np.float64(4.0), np.float64(12.0)), (np.float64(28.0), np.float64(36.0))]",False,False,"[(np.float64(13.75), np.float64(15.25)), (np.float64(37.75), np.float64(39.25))]",False,False,"[(np.float64(13.5), np.float64(22.0)), (np.float64(37.5), np.float64(46.0))]",,,,,,,,,,,,,,,
T_110,334.26,-2.58,2026-06-19 23:02:23,True,True,"[(np.float64(0.0), np.float64(1.75)), (np.float64(23.5), np.float64(26.0)), (np.float64(47.5), np.float64(48.0))]",False,False,"[(np.float64(6.5), np.float64(11.0)), (np.float64(30.25), np.float64(35.0))]",False,False,"[(np.float64(9.5), np.float64(11.25)), (np.float64(33.5), np.float64(35.25))]",,,,,,,,,,,1.719,0.299,173.37,-30.27,-33.09
T_111,168.19,62.75,2026-04-21 16:17:06,False,False,"[(np.float64(1.5), np.float64(8.0)), (np.float64(25.5), np.float64(32.0))]",False,False,[],False,False,"[(np.float64(11.5), np.float64(18.25)), (np.float64(35.5), np.float64(42.25))]",,,,,,,,,,,,,,,
T_112,121.4,63.86,2026-10-02 10:47:21,False,False,"[(np.float64(12.75), np.float64(15.25)), (np.float64(36.75), np.float64(39.25))]",False,False,[],True,True,"[(np.float64(0.0), np.float64(1.0)), (np.float64(22.0), np.float64(25.0)), (np.float64(46.0), np.float64(48.0))]",1.452,0.627,43.29,69.24,-32.19,,,,,,,,,,
T_113,316.36,76.18,2027-02-09 08:15:22,False,False,[],False,False,[],False,False,"[(np.float64(4.0), np.float64(4.5)), (np.float64(28.0), np.float64(28.5))]",,,,,,,,,,,,,,,
T_114,274.23,-42.72,2026-10-12 12:32:16,False,False,[],False,False,"[(np.float64(11.75), np.float64(14.0)), (np.float64(35.75), np.float64(37.75))]",False,False,[],,,,,,,,,,,,,,,
T_115,207.05,38.14,2026-10-17 12:56:41,False,False,[],False,False,[],False,False,[],,,,,,,,,,,,,,,
T_116,235.37,-56.66,2026-04-02 14:25:39,False,False,[],False,False,"[(np.float64(12.0), np.float64(19.0)), (np.float64(36.0), np.float64(43.0))]",False,False,[],,,,,,,,,,,,,,,
T_117,290.54,-42.91,2026-09-01 13:35:57,False,False,[],False,False,"[(np.float64(10.25), np.float64(16.5)), (np.float64(34.25), np.float64(40.5))]",False,False,[],,,,,,,,,,,,,,,
T_118,159.2,-4.3,2026-03-14 13:16:07,False,False,"[(np.float64(4.25), np.float64(10.75)), (np.float64(28.25), np.float64(34.75))]",False,False,"[(np.float64(11.25), np.float64(18.25)), (np.float64(35.25), np.float64(42.25))]",False,False,"[(np.float64(14.25), np.float64(20.5)), (np.float64(38.25), np.float64(44.25))]",,,,,,,,,,,,,,,
T_119,23.15,59.31,2026-09-09 21:57:12,True,True,"[(np.float64(0.0), np.float64(4.0)), (np.float64(20.75), np.float64(28.0)), (np.float64(44.5), np.float64(48.0))]",False,False,[],False,False,"[(np.float64(6.0), np.float64(13.5)), (np.float64(30.0), np.float64(37.5))]",,,,,,,,,,,1.233,0.019,99.73,-45.51,-54.58
T_120,328.2,-15.46,2026-10-07 10:22:18,False,False,"[(np.float64(6.5), np.float64(10.75)), (np.float64(30.25), np.float64(34.5))]",False,False,"[(np.float64(14.0), np.float64(19.25)), (np.float64(38.0), np.float64(43.25))]",False,False,"[(np.float64(16.25), np.float64(20.0)), (np.float64(40.25), np.float64(44.0))]",,,,,,,,,,,,,,,
T_121,147.22,10.41,2026-05-26 12:14:55,False,False,"[(np.float64(6.0), np.float64(7.0)), (np.float64(30.0), np.float64(30.75))]",False,False,"[(np.float64(11.25), np.float64(13.0)), (np.float64(35.25), np.float64(37.0))]",False,False,"[(np.float64(16.0), np.float64(16.75)), (np.float64(40.0), np.float64(40.5))]",,,,,,,,,,,,,,,
T_122,102.66,-16.03,2027-01-04 03:29:37,False,False,"[(np.float64(15.5), np.float64(20.5)), (np.float64(39.5), np.float64(44.5))]",True,True,"[(np.float64(0.0), np.float64(4.75)), (np.float64(22.0), np.float64(28.75)), (np.float64(46.0), np.float64(48.0))]",False,False,"[(np.float64(1.75), np.float64(6.0)), (np.float64(25.75), np.float64(30.0))]",,,,,,1.071,0.12,121.69,-30.75,-34.72,,,,,
T_123,1.07,-34.89,2027-02-01 03:44:08,False,False,[],False,False,[],False,False,[],,,,,,,,,,,,,,,
T_124,205.84,54.13,2026-09-20 21:54:17,False,False,[],False,False,[],False,False,[],,,,,,,,,,,,,,,
T_125,275.75,69.31,2027-01-04 20:25:45,False,False,[],False,False,[],False,False,"[(np.float64(16.0), np.float64(16.5)), (np.float64(40.0), np.float64(40.5))]",,,,,,,,,,,,,,,
T_126,95.3,51.36,2026-10-02 18:55:53,False,False,"[(np.float64(3.25), np.float64(7.25)), (np.float64(27.25), np.float64(31.25))]",False,False,[],False,False,"[(np.float64(12.75), np.float64(17.0)), (np.float64(36.5), np.float64(41.0))]",,,,,,,,,,,,,,,
T_127,218.88,38.89,2026-03-16 16:38:45,False,False,"[(np.float64(3.25), np.float64(9.75)), (np.float64(27.25), np.float64(33.75))]",False,False,[],False,False,"[(np.float64(12.75), np.float64(19.5)), (np.float64(36.75), np.float64(43.5))]",,,,,,,,,,,,,,,
T_128,164.44,-20.96,2026-10-13 23:09:10,False,False,[],False,False,[],False,False,[],,,,,,,,,,,,,,,
T_129,14.22,53.36,2026-12-03 13:27:17,False,False,"[(np.float64(2.75), np.float64(9.5)), (np.float64(26.75), np.float64(33.5))]",False,False,[],False,False,"[(np.float64(12.5), np.float64(19.75)), (np.float64(36.5), np.float64(43.5))]",,,,,,,,,,,,,,,
T_130,16.95,-12.03,2026-07-23 17:45:41,False,False,"[(np.float64(6.0), np.float64(7.5)), (np.float64(30.0), np.float64(31.5))]",False,False,"[(np.float64(12.0), np.float64(16.25)), (np.float64(36.0), np.float64(40.25))]",False,False,"[(np.float64(16.25), np.float64(17.0)), (np.float64(40.0), np.float64(41.0))]",,,,,,,,,,,,,,,
T_131,355.99,-11.85,2026-09-25 21:09:53,True,True,"[(np.float64(0.0), np.float64(2.75)), (np.float64(21.0), np.float64(26.75)), (np.float64(45.0), np.float64(48.0))]",False,False,"[(np.float64(3.0), np.float64(11.0)), (np.float64(27.0), np.float64(35.0))]",False,False,"[(np.float64(7.25), np.float64(12.25)), (np.float64(31.0), np.float64(36.25))]",,,,,,,,,,,1.341,0.992,10.9,58.07,-60.62
T_132,274.52,-39.69,2026-12-18 01:00:31,False,False,[],False,False,[],False,False,[],,,,,,,,,,,,,,,
T_133,286.0,-18.37,2026-11-27 11:23:29,False,False,[],False,False,[],False,False,[],,,,,,,,,,,,,,,
T_134,323.47,-0.95,2026-09-06 10:46:39,False,False,"[(np.float64(6.75), np.float64(13.0)), (np.float64(30.75), np.float64(36.75))]",False,False,"[(np.float64(13.25), np.float64(20.0)), (np.float64(37.25), np.float64(44.0))]",False,False,"[(np.float64(16.5), np.float64(22.5)), (np.float64(40.5), np.float64(46.5))]",,,,,,,,,,,,,,,
T_135,69.33,-53.63,2026-06-29 00:04:46,False,False,[],False,False,"[(np.float64(9.75), np.float64(10.0)), (np.float64(33.5), np.float64(34.0))]",False,False,[],,,,,,,,,,,,,,,
T_136,159.3,73.05,2026-07-08 03:08:11,False,False,"[(np.float64(15.25), np.float64(15.5)), (np.float64(39.25), np.float64(39.5))]",False,False,[],False,False,"[(np.float64(1.5), np.float64(2.5)), (np.float64(25.5), np.float64(26.5))]",,,,,,,,,,,,,,,
T_137,6.55,89.09,2026-03-24 12:02:25,False,False,[],False,False,[],False,False,"[(np.float64(15.25), np.float64(23.75)), (np.float64(39.25), np.float64(47.75))]",,,,,,,,,,,,,,,
T_138,316.26,-3.43,2026-12-17 16:09:07,True,True,"[(np.float64(0.0), np.float64(0.25)), (np.float64(24.0), np.float64(24.25)), (np.float64(48.0), np.float64(48.0))]",False,False,[],False,False,"[(np.float64(9.75), np.float64(9.75)), (np.float64(33.75), np.float64(33.75))]",,,,,,,,,,,1.785,0.546,43.25,62.51,-18.24
T_139,223.35,7.73,2026-06-28 10:53:29,False,False,"[(np.float64(7.5), np.float64(11.0)), (np.float64(31.5), np.float64(35.0))]",False,False,"[(np.float64(12.5), np.float64(17.5)), (np.float64(36.5), np.float64(41.25))]",False,False,"[(np.float64(17.75), np.float64(20.75)), (np.float64(41.75), np.float64(44.75))]",,,,,,,,,,,,,,,
T_140,301.09,3.7,2026-04-05 05:34:58,False,False,"[(np.float64(19.5), np.float64(20.25)), (np.float64(43.5), np.float64(44.25))]",False,False,"[(np.float64(3.0), np.float64(4.0)), (np.float64(27.0), np.float64(28.0))]",False,False,"[(np.float64(5.5), np.float64(6.0)), (np.float64(29.5), np.float64(30.0))]",,,,,,,,,,,,,,,
T_141,73.7,-13.79,2026-07-24 03:54:44,False,False,[],False,False,"[(np.float64(5.5), np.float64(6.0)), (np.float64(29.5), np.float64(30.0))]",False,False,[],,,,,,,,,,,,,,,
T_142,284.94,-16.19,2026-03-20 15:26:21,False,False,"[(np.float64(10.75), np.float64(10.75)), (np.float64(34.75), np.float64(34.75))]",False,False,"[(np.float64(16.25), np.float64(18.0)), (np.float64(40.25), np.float64(42.0))]",False,False,[],,,,,,,,,,,,,,,
T_143,231.58,49.5,2026-07-25 13:21:43,False,False,"[(np.float64(5.0), np.float64(8.5)), (np.float64(29.0), np.float64(32.5))]",False,False,[],False,False,"[(np.float64(15.0), np.float64(18.75)), (np.float64(39.0), np.float64(42.5))]",,,,,,,,,,,,,,,
T_144,29.49,33.86,2026-05-09 11:19:14,False,False,[],False,False,[],False,False,[],,,,,,,,,,,,,,,
T_145,341.26,24.4,2026-03-20 06:31:37,False,False,[],False,False,[],False,False,[],,,,,,,,,,,,,,,
T_146,90.03,-34.17,2026-05-29 04:47:37,False,False,[],False,False,[],False,False,[],,,,,,,,,,,,,,,
T_147,70.59,65.31,2026-08-08 01:26:29,True,True,"[(np.float64(0.0), np.float64(0.0)), (np.float64(22.5), np.float64(24.0)), (np.float64(46.25), np.float64(48.0))]",False,False,[],False,False,"[(np.float64(7.5), np.float64(9.5)), (np.float64(31.5), np.float64(33.5))]",,,,,,,,,,,1.547,0.283,38.32,40.51,-19.55
T_148,180.95,62.24,2026-12-12 10:37:56,False,False,"[(np.float64(12.25), np.float64(16.25)), (np.float64(36.25), np.float64(40.25))]",False,False,[],True,True,"[(np.float64(0.0), np.float64(2.25)), (np.float64(21.5), np.float64(26.25)), (np.float64(45.5), np.float64(48.0))]",1.354,0.101,123.49,-75.89,-45.74,,,,,,,,,,
T_149,134.92,14.33,2026-11-27 22:35:09,True,True,"[(np.float64(0.0), np.float64(4.25)), (np.float64(23.5), np.float64(28.25)), (np.float64(47.5), np.float64(48.0))]",False,False,"[(np.float64(8.0), np.float64(9.25)), (np.float64(31.75), np.float64(33.25))]",False,False,"[(np.float64(9.25), np.float64(14.0)), (np.float64(33.25), np.float64(38.0))]",,,,,,,,,,,1.642,0.844,21.5,58.96,-72.45
T_150,182.02,-21.69,2027-02-28 06:02:21,False,False,"[(np.float64(15.25), np.float64(19.25)), (np.float64(39.25), np.float64(43.0))]",True,True,"[(np.float64(0.0), np.float64(3.0)), (np.float64(20.0), np.float64(27.0)), (np.float64(43.75), np.float64(48.0))]",False,False,"[(np.float64(1.75), np.float64(4.25)), (np.float64(25.75), np.float64(28.25))]",,,,,,1.011,0.498,59.52,28.67,-49.39,,,,,
T_151,313.49,-78.09,2026-10-01 13:08:37,False,False,[],False,False,"[(np.float64(11.0), np.float64(17.25)), (np.float64(35.0), np.float64(41.25))]",False,False,[],,,,,,,,,,,,,,,
T_152,340.6,-57.53,2026-04-20 02:58:49,False,False,[],False,False,"[(np.float64(5.5), np.float64(6.75)), (np.float64(29.25), np.float64(30.75))]",False,False,[],,,,,,,,,,,,,,,
T_153,139.09,41.71,2026-12-01 04:07:17,False,False,"[(np.float64(17.25), np.float64(22.75)), (np.float64(41.25), np.float64(46.75))]",False,False,[],False,False,"[(np.float64(2.75), np.float64(8.5)), (np.float64(26.75), np.float64(32.5))]",,,,,,,,,,,,,,,
T_154,353.5,10.87,2027-02-09 11:43:21,False,False,[],False,False,[],False,False,[],,,,,,,,,,,,,,,
T_155,234.94,17.98,2026-09-29 08:06:07,False,False,"[(np.float64(8.75), np.float64(9.0)), (np.float64(32.75), np.float64(32.75))]",False,False,[],False,False,"[(np.float64(18.75), np.float64(18.75)), (np.float64(42.5), np.float64(42.5))]",,,,,,,,,,,,,,,
T_156,336.56,-51.3,2027-02-20 11:37:18,False,False,[],False,False,[],False,False,[],,,,,,,,,,,,,,,
T_157,216.11,-21.36,2026-07-10 01:26:34,False,False,"[(np.float64(17.0), np.float64(17.5)), (np.float64(41.0), np.float64(41.25))]",True,True,"[(np.float64(0.0), np.float64(2.75)), (np.float64(22.0), np.float64(26.75)), (np.float64(46.0), np.float64(48.0))]",False,False,[],,,,,,1.076,0.258,173.61,-74.17,-44.39,,,,,
T_158,274.32,32.7,2027-02-13 09:38:10,False,False,"[(np.float64(16.0), np.float64(17.25)), (np.float64(40.0), np.float64(41.25))]",False,False,[],False,False,"[(np.float64(1.75), np.float64(3.0)), (np.float64(25.75), np.float64(27.0))]",,,,,,,,,,,,,,,
T_159,184.43,18.98,2026-05-19 14:22:52,False,False,"[(np.float64(3.75), np.float64(8.0)), (np.float64(27.75), np.float64(32.0))]",False,False,"[(np.float64(9.0), np.float64(13.25)), (np.float64(33.0), np.float64(37.0))]",False,False,"[(np.float64(13.75), np.float64(17.75)), (np.float64(37.75), np.float64(41.75))]",,,,,,,,,,,,,,,
T_160,217.15,-20.46,2026-09-19 22:45:56,False,False,[],False,False,[],False,False,[],,,,,,,,,,,,,,,
T_161,96.79,39.96,2027-02-22 21:06:06,True,True,"[(np.float64(0.0), np.float64(1.75)), (np.float64(20.0), np.float64(25.75)), (np.float64(44.0), np.float64(48.0))]",False,False,[],False,False,"[(np.float64(5.75), np.float64(11.75)), (np.float64(29.75), np.float64(35.5))]",,,,,,,,,,,1.29,0.95,85.75,42.86,-67.17
T_162,59.25,16.43,2026-08-18 13:43:43,False,False,"[(np.float64(10.0), np.float64(12.0)), (np.float64(33.75), np.float64(36.0))]",False,False,"[(np.float64(18.5), np.float64(20.0)), (np.float64(42.5), np.float64(44.0))]",False,False,"[(np.float64(19.75), np.float64(21.5)), (np.float64(43.5), np.float64(45.5))]",,,,,,,,,,,,,,,
T_163,196.21,-70.35,2026-07-22 08:38:19,False,False,[],False,False,"[(np.float64(15.0), np.float64(18.5)), (np.float64(39.0), np.float64(42.5))]",False,False,[],,,,,,,,,,,,,,,
T_164,191.14,-15.56,2026-10-18 02:27:39,False,False,[],False,False,[],False,False,[],,,,,,,,,,,,,,,
T_165,85.66,7.72,2026-04-30 04:37:25,False,False,[],False,False,[],False,False,[],,,,,,,,,,,,,,,
T_166,188.4,-25.95,2027-01-05 14:40:30,False,False,"[(np.float64(11.25), np.float64(12.5)), (np.float64(35.25), np.float64(36.5))]",False,False,"[(np.float64(15.25), np.float64(17.5)), (np.float64(39.0), np.float64(41.5))]",False,False,[],,,,,,,,,,,,,,,
T_167,210.32,70.68,2027-02-07 20:02:24,False,False,"[(np.float64(1.0), np.float64(7.0)), (np.float64(25.0), np.float64(31.0))]",False,False,[],False,False,"[(np.float64(9.75), np.float64(16.75)), (np.float64(33.75), np.float64(40.75))]",,,,,,,,,,,,,,,
T_168,174.93,64.0,2026-07-24 13:22:16,False,False,"[(np.float64(5.0), np.float64(5.25)), (np.float64(29.0), np.float64(29.0))]",False,False,[],False,False,"[(np.float64(15.0), np.float64(15.5)), (np.float64(39.0), np.float64(39.5))]",,,,,,,,,,,,,,,
T_169,247.74,43.27,2026-11-12 04:22:24,False,False,[],False,False,[],False,False,[],,,,,,,,,,,,,,,
T_170,199.17,50.36,2026-05-11 07:02:02,False,False,"[(np.float64(11.0), np.float64(17.75)), (np.float64(35.0), np.float64(41.5))]",False,False,[],True,True,"[(np.float64(0.0), np.float64(3.75)), (np.float64(21.0), np.float64(27.75)), (np.float64(45.0), np.float64(48.0))]",1.086,0.359,127.44,-27.12,-37.11,,,,,,,,,,
T_171,102.09,-39.29,2026-06-05 02:12:21,False,False,[],False,False,"[(np.float64(21.25), np.float64(21.25))]",False,False,[],,,,,,,,,,,,,,,
T_172,185.26,-65.63,2026-04-24 13:03:39,False,False,[],False,False,"[(np.float64(10.75), np.float64(19.0)), (np.float64(34.75), np.float64(43.0))]",False,False,[],,,,,,,,,,,,,,,
T_173,36.91,41.27,2026-03-16 18:53:37,False,False,"[(np.float64(22.5), np.float64(22.5)), (np.float64(46.5), np.float64(46.5))]",False,False,[],False,False,"[(np.float64(8.25), np.float64(8.5)), (np.float64(32.25), np.float64(32.5))]",,,,,,,,,,,,,,,
T_174,31.18,3.9,2026-09-05 22:22:17,True,True,"[(np.float64(0.0), np.float64(3.5)), (np.float64(22.75), np.float64(27.5)), (np.float64(46.5), np.float64(48.0))]",False,False,"[(np.float64(6.0), np.float64(11.0)), (np.float64(30.0), np.float64(35.0))]",False,False,"[(np.float64(8.5), np.float64(13.0)), (np.float64(32.5), np.float64(37.25))]",,,,,,,,,,,1.361,0.32,65.71,5.0,-51.93
T_175,297.53,33.04,2026-04-28 06:59:46,False,False,"[(np.float64(15.5), np.float64(18.5)), (np.float64(39.25), np.float64(42.5))]",False,False,[],False,False,"[(np.float64(1.0), np.float64(4.0)), (np.float64(25.0), np.float64(28.0))]",,,,,,,,,,,,,,,
T_176,7.66,-19.42,2026-09-06 15:19:01,False,False,"[(np.float64(5.5), np.float64(10.0)), (np.float64(29.5), np.float64(34.0))]",False,False,"[(np.float64(10.5), np.float64(18.0)), (np.float64(34.5), np.float64(42.0))]",False,False,"[(np.float64(15.75), np.float64(19.25)), (np.float64(39.75), np.float64(43.25))]",,,,,,,,,,,,,,,
T_177,116.1,-15.61,2026-06-15 06:24:15,False,False,[],False,False,[],False,False,[],,,,,,,,,,,,,,,
T_178,307.93,14.54,2026-04-14 14:24:42,False,False,"[(np.float64(10.25), np.float64(11.25)), (np.float64(34.0), np.float64(35.25))]",False,False,"[(np.float64(18.5), np.float64(19.25)), (np.float64(42.5), np.float64(43.25))]",False,False,"[(np.float64(20.0), np.float64(21.0)), (np.float64(43.75), np.float64(45.0))]",,,,,,,,,,,,,,,
T_179,80.58,-16.38,2027-03-01 21:11:56,False,False,"[(np.float64(20.0), np.float64(21.75)), (np.float64(44.0), np.float64(45.5))]",False,False,"[(np.float64(3.5), np.float64(6.5)), (np.float64(27.5), np.float64(30.25))]",False,False,"[(np.float64(5.75), np.float64(7.0)), (np.float64(29.75), np.float64(31.0))]",,,,,,,,,,,,,,,
T_180,285.1,-5.82,2026-08-21 19:53:00,True,True,"[(np.float64(0.0), np.float64(2.0)), (np.float64(22.0), np.float64(26.0)), (np.float64(45.75), np.float64(48.0))]",False,False,"[(np.float64(4.0), np.float64(9.5)), (np.float64(28.0), np.float64(33.5))]",False,False,"[(np.float64(7.75), np.float64(11.5)), (np.float64(31.75), np.float64(35.5))]",,,,,,,,,,,1.301,0.662,36.47,15.59,-40.4
T_181,16.82,-9.74,2027-03-04 01:39:51,False,False,[],False,False,[],False,False,[],,,,,,,,,,,,,,,
T_182,40.86,-19.93,2026-09-14 09:26:20,False,False,"[(np.float64(13.25), np.float64(16.5)), (np.float64(37.0), np.float64(40.5))]",False,False,"[(np.float64(18.25), np.float64(23.75)), (np.float64(42.0), np.float64(47.75))]",True,True,"[(np.float64(0.0), np.float64(2.25)), (np.float64(23.5), np.float64(26.25)), (np.float64(47.5), np.float64(48.0))]",1.844,0.118,141.22,-71.43,-42.1,,,,,,,,,,
T_183,123.93,19.67,2027-02-01 02:40:22,False,False,"[(np.float64(14.25), np.float64(22.75)), (np.float64(38.25), np.float64(46.75))]",True,True,"[(np.float64(0.0), np.float64(3.75)), (np.float64(23.25), np.float64(27.75)), (np.float64(47.25), np.float64(48.0))]",True,True,"[(np.float64(0.0), np.float64(8.5)), (np.float64(24.0), np.float64(32.5)), (np.float64(48.0), np.float64(48.0))]",1.925,0.254,129.35,-78.65,-21.81,1.701,0.254,129.82,-27.15,-33.13,,,,,
T_184,8.5,35.53,2026-03-26 04:11:01,False,False,[],False,False,[],False,False,[],,,,,,,,,,,,,,,
T_185,288.99,-36.63,2026-03-06 06:55:23,False,False,[],False,False,"[(np.float64(1.5), np.float64(2.25)), (np.float64(25.25), np.float64(26.25))]",False,False,[],,,,,,,,,,,,,,,
T_186,145.03,-45.11,2026-09-29 14:41:36,False,False,[],False,False,"[(np.float64(18.25), np.float64(18.25)), (np.float64(42.0), np.float64(42.25))]",False,False,[],,,,,,,,,,,,,,,
T_187,233.91,-1.96,2026-08-24 00:57:12,False,False,"[(np.float64(16.75), np.float64(17.5)), (np.float64(40.75), np.float64(41.5))]",True,True,"[(np.float64(0.0), np.float64(0.75)), (np.float64(23.0), np.float64(24.75)), (np.float64(47.0), np.float64(48.0))]",False,False,"[(np.float64(2.75), np.float64(3.25)), (np.float64(26.75), np.float64(27.25))]",,,,,,1.495,0.841,54.97,80.92,-34.06,,,,,
T_188,310.54,9.78,2026-08-23 07:26:01,False,False,"[(np.float64(10.25), np.float64(16.75)), (np.float64(34.25), np.float64(40.75))]",False,False,"[(np.float64(16.75), np.float64(22.75)), (np.float64(40.75), np.float64(46.75))]",True,True,"[(np.float64(0.0), np.float64(2.5)), (np.float64(20.25), np.float64(26.5)), (np.float64(44.25), np.float64(48.0))]",1.168,0.787,51.48,7.58,-43.85,,,,,,,,,,
T_189,210.15,-51.54,2026-05-18 22:58:26,False,False,[],False,False,"[(np.float64(0.5), np.float64(9.0)), (np.float64(24.5), np.float64(33.0))]",False,False,[],,,,,,,,,,,,,,,
T_190,138.65,-57.62,2026-08-05 07:20:14,False,False,[],False,False,[],False,False,[],,,,,,,,,,,,,,,
T_191,2.31,5.67,2026-04-20 09:44:24,False,False,[],False,False,[],False,False,[],,,,,,,,,,,,,,,
T_192,239.57,1.15,2026-07-06 08:59:47,False,False,"[(np.float64(9.5), np.float64(13.25)), (np.float64(33.5), np.float64(37.25))]",False,False,"[(np.float64(14.5), np.float64(20.25)), (np.float64(38.5), np.float64(44.25))]",False,False,"[(np.float64(19.5), np.float64(22.75)), (np.float64(43.5), np.float64(46.75))]",,,,,,,,,,,,,,,
T_193,306.99,14.3,2026-06-28 22:25:44,True,True,"[(np.float64(0.0), np.float64(2.5)), (np.float64(21.0), np.float64(26.5)), (np.float64(45.0), np.float64(48.0))]",False,False,"[(np.float64(5.5), np.float64(11.0)), (np.float64(29.5), np.float64(35.0))]",False,False,"[(np.float64(7.0), np.float64(12.0)), (np.float64(30.75), np.float64(36.0))]",,,,,,,,,,,1.089,0.988,59.63,26.98,-35.74
T_194,278.13,55.54,2026-04-10 12:48:32,False,False,"[(np.float64(9.0), np.float64(13.0)), (np.float64(32.75), np.float64(37.0))]",False,False,[],False,False,"[(np.float64(18.25), np.float64(22.5)), (np.float64(42.25), np.float64(46.5))]",,,,,,,,,,,,,,,
T_195,236.17,-28.35,2026-12-16 04:44:06,False,False,[],False,False,[],False,False,[],,,,,,,,,,,,,,,
T_196,249.11,4.58,2026-06-23 09:00:03,False,False,"[(np.float64(9.5), np.float64(14.75)), (np.float64(33.5), np.float64(38.75))]",False,False,"[(np.float64(15.0), np.float64(21.5)), (np.float64(38.75), np.float64(45.5))]",True,True,"[(np.float64(0.0), np.float64(0.5)), (np.float64(19.75), np.float64(24.5)), (np.float64(43.75), np.float64(48.0))]",1.612,0.647,56.21,-14.25,-27.97,,,,,,,,,,
T_197,131.15,2.99,2026-11-25 22:41:56,True,True,"[(np.float64(0.0), np.float64(4.0)), (np.float64(23.75), np.float64(28.0)), (np.float64(47.5), np.float64(48.0))]",False,False,"[(np.float64(7.0), np.float64(9.25)), (np.float64(31.0), np.float64(33.25))]",False,False,"[(np.float64(9.75), np.float64(14.0)), (np.float64(33.5), np.float64(38.0))]",,,,,,,,,,,1.76,0.972,53.76,87.39,-70.8
T_198,165.85,52.44,2026-07-21 00:58:23,False,False,[],False,False,[],False,False,[],,,,,,,,,,,,,,,
T_199,231.7,11.7,2026-07-11 17:55:36,False,False,"[(np.float64(0.5), np.float64(4.0)), (np.float64(24.5), np.float64(27.75))]",False,False,"[(np.float64(5.5), np.float64(9.75)), (np.float64(29.5), np.float64(33.75))]",False,False,"[(np.float64(10.5), np.float64(13.5)), (np.float64(34.5), np.float64(37.5))]",,,,,,,,,,,,,,,
T_200,168.26,-48.74,2026-12-18 14:02:21,False,False,[],False,False,"[(np.float64(15.0), np.float64(18.0)), (np.float64(39.0), np.float64(42.0))]",False,False,[],,,,,,,,,,,,,,,
T_201,85.61,-45.25,2027-01-03 10:17:41,False,False,[],False,False,"[(np.float64(15.25), np.float64(21.75)), (np.float64(39.25), np.float64(45.75))]",False,False,[],,,,,,,,,,,,,,,
T_202,124.73,72.91,2026-12-05 05:10:12,False,False,"[(np.float64(14.25), np.float64(21.75)), (np.float64(38.25), np.float64(45.75))]",False,False,[],True,True,"[(np.float64(0.0), np.float64(7.5)), (np.float64(23.0), np.float64(31.5)), (np.float64(47.0), np.float64(48.0))]",1.777,0.135,102.9,-68.04,-59.62,,,,,,,,,,
T_203,251.23,-74.13,2027-02-20 13:24:21,False,False,[],False,False,"[(np.float64(16.75), np.float64(19.5)), (np.float64(40.5), np.float64(43.5))]",False,False,[],,,,,,,,,,,,,,,
T_204,209.72,-54.6,2027-02-20 21:05:30,False,False,[],False,False,"[(np.float64(6.5), np.float64(12.0)), (np.float64(30.5), np.float64(36.0))]",False,False,[],,,,,,,,,,,,,,,
T_205,150.69,-25.91,2026-12-05 13:49:19,False,False,"[(np.float64(11.5), np.float64(13.0)), (np.float64(35.5), np.float64(37.0))]",False,False,"[(np.float64(15.5), np.float64(18.0)), (np.float64(39.5), np.float64(42.0))]",False,False,[],,,,,,,,,,,,,,,
T_206,355.27,-55.74,2026-11-20 10:19:47,False,False,[],False,False,"[(np.float64(14.75), np.float64(19.25)), (np.float64(38.75), np.float64(43.25))]",False,False,[],,,,,,,,,,,,,,,
T_207,181.07,11.97,2026-12-10 15:11:29,False,False,"[(np.float64(9.25), np.float64(11.75)), (np.float64(33.25), np.float64(35.75))]",False,False,[],False,False,"[(np.float64(19.0), np.float64(21.5)), (np.float64(43.0), np.float64(45.5))]",,,,,,,,,,,,,,,
T_208,186.55,-30.01,2027-02-08 09:03:59,False,False,[],False,False,"[(np.float64(18.25), np.float64(23.75)), (np.float64(42.25), np.float64(47.75))]",False,False,[],,,,,,,,,,,,,,,
T_209,125.72,-75.9,2026-03-14 06:07:41,False,False,[],True,True,"[(np.float64(0.0), np.float64(1.0)), (np.float64(18.25), np.float64(24.75)), (np.float64(42.25), np.float64(48.0))]",False,False,[],,,,,,1.802,0.239,79.76,-0.93,-53.45,,,,,
T_210,316.04,-18.59,2027-02-27 11:45:34,False,False,[],False,False,[],False,False,[],,,,,,,,,,,,,,,
T_211,84.13,-65.92,2026-09-18 03:31:01,False,False,[],False,False,"[(np.float64(1.75), np.float64(5.75)), (np.float64(25.75), np.float64(29.75))]",False,False,[],,,,,,,,,,,,,,,
T_212,253.27,-49.82,2026-12-25 07:35:41,False,False,[],False,False,[],False,False,[],,,,,,,,,,,,,,,
T_213,320.83,31.58,2026-03-27 18:02:53,False,False,"[(np.float64(8.0), np.float64(8.0)), (np.float64(32.0), np.float64(32.0))]",False,False,[],False,False,"[(np.float64(17.75), np.float64(17.75)), (np.float64(41.5), np.float64(41.75))]",,,,,,,,,,,,,,,
T_214,110.56,-0.4,2026-04-23 22:51:09,False,False,"[(np.float64(19.0), np.float64(19.5)), (np.float64(43.0), np.float64(43.5))]",False,False,"[(np.float64(0.75), np.float64(2.75)), (np.float64(24.75), np.float64(26.5))]",False,False,"[(np.float64(5.0), np.float64(5.25)), (np.float64(29.0), np.float64(29.25))]",,,,,,,,,,,,,,,
T_215,31.54,44.78,2026-03-06 02:45:21,False,False,"[(np.float64(14.5), np.float64(15.0)), (np.float64(38.5), np.float64(39.0))]",False,False,[],False,False,"[(np.float64(0.25), np.float64(1.25)), (np.float64(24.25), np.float64(25.0))]",,,,,,,,,,,,,,,
T_216,271.67,-5.29,2026-12-20 17:18:18,False,False,[],False,False,[],False,False,[],,,,,,,,,,,,,,,
T_217,170.77,-42.33,2026-09-01 18:55:23,False,False,[],False,False,[],False,False,[],,,,,,,,,,,,,,,
T_218,254.59,26.61,2026-10-30 18:40:49,False,False,"[(np.float64(21.75), np.float64(21.75)), (np.float64(45.75), np.float64(45.75))]",False,False,[],False,False,"[(np.float64(7.5), np.float64(7.75)), (np.float64(31.5), np.float64(31.75))]",,,,,,,,,,,,,,,
T_219,18.44,13.42,2027-01-01 14:32:32,False,False,"[(np.float64(1.75), np.float64(5.75)), (np.float64(25.75), np.float64(29.75))]",False,False,"[(np.float64(11.0), np.float64(11.5)), (np.float64(35.0), np.float64(35.25))]",False,False,"[(np.float64(11.5), np.float64(15.5)), (np.float64(35.5), np.float64(39.25))]",,,,,,,,,,,,,,,
T_220,12.64,-31.83,2026-03-19 23:10:01,False,False,[],False,False,[],False,False,[],,,,,,,,,,,,,,,
T_221,44.81,7.29,2026-10-28 03:23:45,False,False,"[(np.float64(15.0), np.float64(22.75)), (np.float64(39.0), np.float64(46.5))]",True,True,"[(np.float64(0.0), np.float64(5.0)), (np.float64(22.75), np.float64(29.0)), (np.float64(46.5), np.float64(48.0))]",False,False,"[(np.float64(0.75), np.float64(8.5)), (np.float64(24.75), np.float64(32.25))]",,,,,,1.433,0.945,22.78,21.47,-45.01,,,,,
T_222,342.65,-27.46,2026-10-19 17:45:53,True,True,"[(np.float64(0.0), np.float64(2.0)), (np.float64(23.75), np.float64(26.0)), (np.float64(47.75), np.float64(48.0))]",False,False,"[(np.float64(6.75), np.float64(12.5)), (np.float64(30.75), np.float64(36.25))]",False,False,[],,,,,,,,,,,1.928,0.603,30.21,36.11,-35.48
T_223,301.7,-9.1,2026-08-04 13:37:05,False,False,"[(np.float64(4.5), np.float64(10.25)), (np.float64(28.5), np.float64(34.25))]",False,False,"[(np.float64(10.5), np.float64(18.25)), (np.float64(34.25), np.float64(42.25))]",False,False,"[(np.float64(14.5), np.float64(19.75)), (np.float64(38.5), np.float64(43.75))]",,,,,,,,,,,,,,,
T_224,36.37,-19.76,2026-08-15 10:12:53,False,False,"[(np.float64(14.0), np.float64(15.25)), (np.float64(38.0), np.float64(39.25))]",False,False,"[(np.float64(19.0), np.float64(23.5)), (np.float64(43.0), np.float64(47.5))]",False,False,"[(np.float64(0.5), np.float64(1.0)), (np.float64(24.25), np.float64(25.0))]",,,,,,,,,,,,,,,
T_225,288.4,14.75,2026-04-29 23:34:14,True,True,"[(np.float64(0.0), np.float64(1.75)), (np.float64(22.75), np.float64(25.75)), (np.float64(46.5), np.float64(48.0))]",False,False,"[(np.float64(7.25), np.float64(10.25)), (np.float64(31.0), np.float64(34.25))]",False,False,"[(np.float64(8.5), np.float64(11.5)), (np.float64(32.5), np.float64(35.25))]",,,,,,,,,,,1.337,0.97,94.98,26.42,-37.1
T_226,106.77,11.0,2026-11-07 06:28:19,False,False,"[(np.float64(15.25), np.float64(20.0)), (np.float64(39.25), np.float64(44.0))]",True,True,"[(np.float64(0.0), np.float64(1.75)), (np.float64(23.25), np.float64(25.75)), (np.float64(47.25), np.float64(48.0))]",False,False,"[(np.float64(1.0), np.float64(5.75)), (np.float64(25.0), np.float64(29.75))]",,,,,,1.627,0.043,93.89,-23.89,-35.8,,,,,
T_227,6.95,-7.66,2026-12-28 04:32:55,False,False,"[(np.float64(11.75), np.float64(14.25)), (np.float64(35.75), np.float64(38.25))]",False,False,"[(np.float64(21.0), np.float64(22.0)), (np.float64(45.0), np.float64(46.0))]",False,False,"[(np.float64(21.5), np.float64(23.75)), (np.float64(45.5), np.float64(47.75))]",,,,,,,,,,,,,,,
T_228,95.18,-15.56,2026-06-20 21:33:29,False,False,[],False,False,[],False,False,[],,,,,,,,,,,,,,,
T_229,261.7,-41.51,2026-08-22 10:40:48,False,False,[],False,False,"[(np.float64(13.25), np.float64(18.25)), (np.float64(37.25), np.float64(42.25))]",False,False,[],,,,,,,,,,,,,,,
T_230,328.35,-50.64,2026-10-22 05:50:18,False,False,[],False,False,"[(np.float64(18.75), np.float64(23.75)), (np.float64(42.75), np.float64(47.75))]",False,False,[],,,,,,,,,,,,,,,
T_231,37.35,-62.3,2026-06-07 15:37:55,False,False,[],False,False,"[(np.float64(17.25), np.float64(18.25)), (np.float64(41.25), np.float64(42.5))]",False,False,[],,,,,,,,,,,,,,,
T_232,40.97,19.94,2026-07-04 15:49:30,False,False,"[(np.float64(33.25), np.float64(33.25))]",False,False,[],False,False,[],,,,,,,,,,,,,,,
T_233,218.7,-35.27,2026-04-30 23:57:49,False,False,[],True,True,"[(np.float64(0.0), np.float64(9.5)), (np.float64(24.0), np.float64(33.25)), (np.float64(48.0), np.float64(48.0))]",False,False,[],,,,,,1.963,0.994,21.25,31.95,-24.02,,,,,
T_234,284.69,27.1,2026-07-11 18:51:24,True,True,"[(np.float64(0.0), np.float64(6.25)), (np.float64(23.5), np.float64(30.25)), (np.float64(47.5), np.float64(48.0))]",False,False,"[(np.float64(8.25), np.float64(10.75)), (np.float64(32.25), np.float64(34.75))]",False,False,"[(np.float64(9.75), np.float64(15.75)), (np.float64(33.75), np.float64(39.75))]",,,,,,,,,,,1.19,0.103,116.85,-33.44,-23.22
T_235,287.98,34.91,2026-07-25 02:29:54,False,False,"[(np.float64(15.75), np.float64(22.75)), (np.float64(39.75), np.float64(46.75))]",False,False,[],False,False,"[(np.float64(1.75), np.float64(8.25)), (np.float64(25.75), np.float64(32.25))]",,,,,,,,,,,,,,,
T_236,236.35,-55.99,2026-11-12 19:59:34,False,False,[],False,False,[],False,False,[],,,,,,,,,,,,,,,
T_237,85.53,-37.09,2027-02-08 16:39:01,False,False,[],False,False,"[(np.float64(8.5), np.float64(13.25)), (np.float64(32.5), np.float64(37.25))]",False,False,[],,,,,,,,,,,,,,,
T_238,8.24,-26.53,2026-11-15 15:36:40,False,False,"[(np.float64(1.75), np.float64(4.25)), (np.float64(25.5), np.float64(28.25))]",False,False,"[(np.float64(9.25), np.float64(14.5)), (np.float64(33.25), np.float64(38.5))]",False,False,[],,,,,,,,,,,,,,,
T_239,220.63,37.01,2026-05-17 09:13:49,False,False,"[(np.float64(9.0), np.float64(15.75)), (np.float64(33.0), np.float64(39.75))]",False,False,[],True,True,"[(np.float64(0.0), np.float64(1.25)), (np.float64(19.0), np.float64(25.25)), (np.float64(43.0), np.float64(48.0))]",1.192,0.007,115.02,-27.21,-29.86,,,,,,,,,,
T_240,206.31,11.57,2026-03-16 02:37:34,False,False,"[(np.float64(17.25), np.float64(23.75)), (np.float64(41.25), np.float64(47.75))]",False,False,"[(np.float64(1.25), np.float64(6.75)), (np.float64(25.25), np.float64(30.75))]",False,False,"[(np.float64(3.0), np.float64(9.5)), (np.float64(27.0), np.float64(33.5))]",,,,,,,,,,,,,,,
T_241,343.7,-15.0,2026-08-31 17:18:42,False,False,"[(np.float64(2.0), np.float64(7.25)), (np.float64(26.0), np.float64(31.25))]",False,False,"[(np.float64(7.5), np.float64(15.75)), (np.float64(31.5), np.float64(39.75))]",False,False,"[(np.float64(12.25), np.float64(16.5)), (np.float64(36.0), np.float64(40.5))]",,,,,,,,,,,,,,,
T_242,332.45,-38.68,2027-01-27 00:05:03,False,False,[],False,False,[],False,False,[],,,,,,,,,,,,,,,
T_243,49.49,47.35,2026-03-19 06:34:41,False,False,"[(np.float64(10.75), np.float64(11.5)), (np.float64(34.75), np.float64(35.5))]",False,False,[],False,False,"[(np.float64(20.5), np.float64(21.75)), (np.float64(44.5), np.float64(45.5))]",,,,,,,,,,,,,,,
T_244,90.6,-52.99,2026-05-17 09:15:04,False,False,[],False,False,"[(np.float64(14.25), np.float64(14.75)), (np.float64(38.25), np.float64(38.75))]",False,False,[],,,,,,,,,,,,,,,
T_245,88.97,30.44,2026-06-23 22:45:22,False,False,[],False,False,[],False,False,[],,,,,,,,,,,,,,,
T_246,286.69,28.76,2026-03-07 19:41:05,False,False,"[(np.float64(5.5), np.float64(6.75)), (np.float64(29.5), np.float64(30.75))]",False,False,[],False,False,"[(np.float64(15.25), np.float64(16.5)), (np.float64(39.0), np.float64(40.5))]",,,,,,,,,,,,,,,
T_247,119.25,30.9,2026-08-28 04:30:24,False,False,[],False,False,[],False,False,[],,,,,,,,,,,,,,,
T_248,40.83,26.62,2026-05-08 15:09:01,False,False,[],False,False,[],False,False,[],,,,,,,,,,,,,,,
T_249,288.96,-2.9,2026-04-29 00:33:33,True,True,"[(np.float64(0.0), np.float64(0.75)), (np.float64(22.5), np.float64(24.75)), (np.float64(46.5), np.float64(48.0))]",False,False,"[(np.float64(5.25), np.float64(9.25)), (np.float64(29.25), np.float64(33.25))]",False,False,"[(np.float64(8.5), np.float64(10.5)), (np.float64(32.5), np.float64(34.5))]",,,,,,,,,,,1.366,0.93,103.25,9.96,-28.54
T_250,247.09,-24.09,2026-10-12 08:14:23,False,False,[],False,False,"[(np.float64(16.0), np.float64(16.0))]",False,False,[],,,,,,,,,,,,,,,
T_251,333.04,-71.06,2027-01-11 13:11:10,False,False,[],False,False,[],False,False,[],,,,,,,,,,,,,,,
T_252,15.85,-83.84,2026-12-13 00:39:38,False,False,[],False,False,"[(np.float64(0.75), np.float64(5.0)), (np.float64(24.75), np.float64(29.0))]",False,False,[],,,,,,,,,,,,,,,
T_253,114.19,-25.87,2027-01-17 16:30:57,False,False,"[(np.float64(3.5), np.float64(6.25)), (np.float64(27.5), np.float64(30.25))]",False,False,"[(np.float64(9.0), np.float64(15.75)), (np.float64(33.0), np.float64(39.75))]",False,False,[],,,,,,,,,,,,,,,
T_254,53.6,58.64,2026-04-29 02:19:48,False,False,[],False,False,[],False,False,[],,,,,,,,,,,,,,,
T_255,345.44,1.12,2026-03-24 16:40:11,False,False,[],False,False,[],False,False,[],,,,,,,,,,,,,,,
T_256,345.12,23.77,2026-05-25 01:03:15,True,True,"[(np.float64(0.0), np.float64(0.0)), (np.float64(23.0), np.float64(24.0)), (np.float64(47.0), np.float64(48.0))]",False,False,"[(np.float64(8.75), np.float64(8.75)), (np.float64(32.5), np.float64(32.75))]",False,False,"[(np.float64(8.75), np.float64(9.5)), (np.float64(32.75), np.float64(33.5))]",,,,,,,,,,,1.448,0.664,154.35,-26.26,-18.85
T_257,103.0,23.88,2027-01-10 06:40:51,False,False,"[(np.float64(10.25), np.float64(19.0)), (np.float64(34.0), np.float64(42.75))]",False,False,"[(np.float64(19.75), np.float64(23.25)), (np.float64(43.75), np.float64(47.25))]",True,True,"[(np.float64(0.0), np.float64(4.75)), (np.float64(19.75), np.float64(28.75)), (np.float64(43.75), np.float64(48.0))]",1.022,0.052,146.74,-49.99,-72.68,,,,,,,,,,
T_258,115.45,-67.04,2026-05-20 13:09:42,False,False,[],False,False,"[(np.float64(10.25), np.float64(12.75)), (np.float64(34.25), np.float64(36.5))]",False,False,[],,,,,,,,,,,,,,,
T_259,22.36,18.03,2026-05-09 12:38:55,False,False,[],False,False,[],False,False,[],,,,,,,,,,,,,,,
T_260,52.54,-27.04,2026-05-13 08:29:47,False,False,[],False,False,[],False,False,[],,,,,,,,,,,,,,,
T_261,208.23,-72.68,2026-12-17 06:42:04,False,False,[],False,False,"[(np.float64(0.75), np.float64(1.25)), (np.float64(24.75), np.float64(25.25))]",False,False,[],,,,,,,,,,,,,,,
T_262,117.1,26.68,2026-08-05 05:32:04,False,False,[],False,False,[],False,False,[],,,,,,,,,,,,,,,
T_263,90.41,9.94,2026-10-08 04:42:47,False,False,"[(np.float64(18.0), np.float64(21.5)), (np.float64(41.75), np.float64(45.5))]",False,False,"[(np.float64(2.0), np.float64(4.0)), (np.float64(25.75), np.float64(28.0))]",False,False,"[(np.float64(3.75), np.float64(7.25)), (np.float64(27.75), np.float64(31.25))]",,,,,,,,,,,,,,,
T_264,251.21,-78.64,2027-01-29 07:27:00,False,False,[],True,True,"[(np.float64(0.0), np.float64(1.0)), (np.float64(24.0), np.float64(25.25)), (np.float64(48.0), np.float64(48.0))]",False,False,[],,,,,,1.999,0.516,62.67,48.13,-30.36,,,,,
T_265,327.74,-56.54,2026-09-18 21:38:56,False,False,[],False,False,"[(np.float64(2.5), np.float64(10.25)), (np.float64(26.5), np.float64(34.25))]",False,False,[],,,,,,,,,,,,,,,
T_266,223.8,-37.04,2026-07-21 06:38:53,False,False,[],False,False,"[(np.float64(17.0), np.float64(21.75)), (np.float64(41.0), np.float64(45.75))]",False,False,[],,,,,,,,,,,,,,,
T_267,251.82,22.67,2026-06-05 12:16:32,False,False,"[(np.float64(6.0), np.float64(12.75)), (np.float64(30.0), np.float64(36.75))]",False,False,"[(np.float64(14.25), np.float64(18.25)), (np.float64(38.25), np.float64(42.25))]",False,False,"[(np.float64(16.25), np.float64(22.0)), (np.float64(40.25), np.float64(46.0))]",,,,,,,,,,,,,,,
T_268,108.95,-33.93,2026-11-22 11:34:25,False,False,[],False,False,"[(np.float64(15.75), np.float64(20.5)), (np.float64(39.5), np.float64(44.5))]",False,False,[],,,,,,,,,,,,,,,
T_269,269.69,-11.18,2026-11-28 14:26:00,False,False,[],False,False,[],False,False,[],,,,,,,,,,,,,,,
T_270,208.9,-36.07,2026-04-21 05:02:48,False,False,[],True,True,"[(np.float64(0.0), np.float64(4.25)), (np.float64(19.0), np.float64(28.25)), (np.float64(42.75), np.float64(48.0))]",False,False,[],,,,,,1.01,0.191,136.05,-49.26,-71.93,,,,,
T_271,288.9,-25.8,2026-11-07 03:45:45,False,False,[],False,False,"[(np.float64(21.0), np.float64(21.5)), (np.float64(45.0), np.float64(45.5))]",False,False,[],,,,,,,,,,,,,,,
T_272,27.22,30.08,2026-05-12 14:35:01,False,False,[],False,False,[],False,False,[],,,,,,,,,,,,,,,
T_273,123.09,41.95,2026-11-18 22:30:09,True,True,"[(np.float64(0.0), np.float64(4.0)), (np.float64(22.5), np.float64(28.25)), (np.float64(46.5), np.float64(48.0))]",False,False,[],False,False,"[(np.float64(8.25), np.float64(14.0)), (np.float64(32.0), np.float64(38.0))]",,,,,,,,,,,1.385,0.643,129.66,-0.73,-71.82
T_274,64.88,-72.14,2026-08-25 04:52:54,False,False,[],False,False,"[(np.float64(0.5), np.float64(4.75)), (np.float64(24.5), np.float64(28.75))]",False,False,[],,,,,,,,,,,,,,,
T_275,315.02,30.53,2026-09-21 23:37:39,False,False,"[(np.float64(17.5), np.float64(23.5)), (np.float64(41.5), np.float64(47.5))]",False,False,"[(np.float64(2.0), np.float64(2.25)), (np.float64(25.75), np.float64(26.0))]",False,False,"[(np.float64(3.25), np.float64(9.5)), (np.float64(27.25), np.float64(33.5))]",,,,,,,,,,,,,,,
T_276,63.56,8.13,2027-01-27 11:01:59,False,False,"[(np.float64(5.75), np.float64(10.25)), (np.float64(29.75), np.float64(34.25))]",False,False,"[(np.float64(14.25), np.float64(16.5)), (np.float64(38.25), np.float64(40.5))]",False,False,"[(np.float64(15.5), np.float64(20.0)), (np.float64(39.5), np.float64(44.0))]",,,,,,,,,,,,,,,
T_277,75.53,-29.39,2026-10-16 14:22:42,False,False,"[(np.float64(10.25), np.float64(11.0)), (np.float64(34.0), np.float64(35.0))]",False,False,"[(np.float64(13.25), np.float64(18.25)), (np.float64(37.0), np.float64(42.25))]",False,False,[],,,,,,,,,,,,,,,
T_278,79.45,36.34,2026-04-14 16:13:03,False,False,"[(np.float64(1.5), np.float64(2.0)), (np.float64(25.5), np.float64(26.0))]",False,False,[],False,False,"[(np.float64(11.25), np.float64(12.0)), (np.float64(35.5), np.float64(35.75))]",,,,,,,,,,,,,,,
T_279,125.06,65.31,2026-06-09 09:38:07,False,False,[],False,False,[],False,False,"[(np.float64(19.0), np.float64(19.0)), (np.float64(43.0), np.float64(43.0))]",,,,,,,,,,,,,,,
T_280,275.89,24.0,2026-11-11 18:25:34,False,False,"[(np.float64(21.75), np.float64(22.5)), (np.float64(45.75), np.float64(46.5))]",False,False,[],False,False,"[(np.float64(7.5), np.float64(8.5)), (np.float64(31.5), np.float64(32.5))]",,,,,,,,,,,,,,,
T_281,348.33,-16.07,2026-11-13 19:06:50,True,True,"[(np.float64(0.0), np.float64(0.75)), (np.float64(21.0), np.float64(24.75)), (np.float64(45.0), np.float64(48.0))]",False,False,"[(np.float64(5.75), np.float64(9.5)), (np.float64(29.75), np.float64(33.5))]",False,False,"[(np.float64(6.75), np.float64(10.25)), (np.float64(30.75), np.float64(34.0))]",,,,,,,,,,,1.637,0.178,62.74,-15.5,-56.62
T_282,159.67,24.18,2026-04-07 02:03:55,False,False,"[(np.float64(15.5), np.float64(21.5)), (np.float64(39.5), np.float64(45.5))]",True,True,"[(np.float64(0.0), np.float64(2.0)), (np.float64(22.5), np.float64(26.0)), (np.float64(46.5), np.float64(48.0))]",False,False,"[(np.float64(1.5), np.float64(7.5)), (np.float64(25.5), np.float64(31.5))]",,,,,,1.68,0.78,102.24,7.87,-45.93,,,,,
T_283,86.8,21.16,2026-11-07 21:50:04,True,True,"[(np.float64(0.0), np.float64(4.75)), (np.float64(22.0), np.float64(28.75)), (np.float64(46.0), np.float64(48.0))]",False,False,"[(np.float64(7.5), np.float64(10.25)), (np.float64(31.25), np.float64(34.25))]",False,False,"[(np.float64(8.0), np.float64(14.5)), (np.float64(31.75), np.float64(38.5))]",,,,,,,,,,,1.218,0.021,122.19,-64.16,-75.14
T_284,149.36,28.95,2026-03-12 03:56:56,False,False,"[(np.float64(13.25), np.float64(20.75)), (np.float64(37.25), np.float64(44.75))]",True,True,"[(np.float64(0.0), np.float64(0.25)), (np.float64(22.5), np.float64(24.25)), (np.float64(46.25), np.float64(48.0))]",True,True,"[(np.float64(0.0), np.float64(6.75)), (np.float64(23.0), np.float64(30.75)), (np.float64(47.25), np.float64(48.0))]",1.133,0.429,128.41,-66.23,-30.28,1.922,0.429,128.61,-3.79,-54.78,,,,,
T_285,221.9,-34.54,2026-12-18 05:18:51,False,False,[],False,False,[],False,False,[],,,,,,,,,,,,,,,
T_286,140.42,-54.1,2026-09-29 09:07:35,False,False,[],False,False,"[(np.float64(23.25), np.float64(23.75)), (np.float64(47.25), np.float64(47.75))]",False,False,[],,,,,,,,,,,,,,,
T_287,305.84,46.19,2027-02-17 14:10:59,False,False,[],False,False,[],False,False,"[(np.float64(22.5), np.float64(22.5)), (np.float64(46.5), np.float64(46.5))]",,,,,,,,,,,,,,,
T_288,92.04,-39.38,2026-10-11 10:54:04,False,False,[],False,False,"[(np.float64(17.75), np.float64(21.75)), (np.float64(41.75), np.float64(45.75))]",False,False,[],,,,,,,,,,,,,,,
T_289,315.49,28.14,2026-09-27 02:55:45,False,False,"[(np.float64(14.0), np.float64(19.75)), (np.float64(38.0), np.float64(43.75))]",False,False,"[(np.float64(21.25), np.float64(23.5)), (np.float64(45.25), np.float64(47.5))]",True,True,"[(np.float64(0.0), np.float64(5.75)), (np.float64(23.75), np.float64(29.75)), (np.float64(47.75), np.float64(48.0))]",1.042,0.997,54.01,20.04,-20.83,,,,,,,,,,
T_290,106.81,-12.45,2026-03-26 17:20:14,True,True,"[(np.float64(0.0), np.float64(2.0)), (np.float64(24.0), np.float64(26.0)), (np.float64(48.0), np.float64(48.0))]",False,False,"[(np.float64(7.0), np.float64(10.25)), (np.float64(30.75), np.float64(34.25))]",False,False,"[(np.float64(10.0), np.float64(11.5)), (np.float64(34.0), np.float64(35.25))]",,,,,,,,,,,1.393,0.604,38.76,80.93,-19.06
T_291,245.03,-46.78,2026-03-30 14:35:03,False,False,[],False,False,"[(np.float64(13.0), np.float64(18.75)), (np.float64(37.0), np.float64(42.75))]",False,False,[],,,,,,,,,,,,,,,
T_292,293.22,14.2,2026-05-29 12:58:16,False,False,"[(np.float64(7.75), np.float64(12.0)), (np.float64(31.5), np.float64(36.0))]",False,False,"[(np.float64(16.0), np.float64(21.0)), (np.float64(40.0), np.float64(45.0))]",False,False,"[(np.float64(17.5), np.float64(21.5)), (np.float64(41.5), np.float64(45.5))]",,,,,,,,,,,,,,,
T_293,227.28,14.59,2027-01-01 14:11:09,False,False,"[(np.float64(11.75), np.float64(12.75)), (np.float64(35.75), np.float64(36.75))]",False,False,[],False,False,"[(np.float64(21.5), np.float64(22.75)), (np.float64(45.5), np.float64(46.75))]",,,,,,,,,,,,,,,
T_294,160.08,48.23,2026-10-31 21:05:46,False,False,"[(np.float64(3.5), np.float64(5.25)), (np.float64(27.5), np.float64(29.25))]",False,False,[],False,False,"[(np.float64(13.0), np.float64(15.25)), (np.float64(37.0), np.float64(39.25))]",,,,,,,,,,,,,,,
T_295,280.29,-31.68,2026-04-01 00:41:19,False,False,[],False,False,"[(np.float64(5.5), np.float64(8.75)), (np.float64(29.5), np.float64(32.75))]",False,False,[],,,,,,,,,,,,,,,
T_296,184.35,-0.94,2026-05-14 03:44:15,False,False,"[(np.float64(14.25), np.float64(18.25)), (np.float64(38.25), np.float64(42.25))]",True,True,"[(np.float64(0.0), np.float64(1.5)), (np.float64(19.75), np.float64(25.25)), (np.float64(43.75), np.float64(48.0))]",False,False,"[(np.float64(0.5), np.float64(3.75)), (np.float64(24.5), np.float64(27.75))]",,,,,,1.343,0.103,167.34,-60.78,-73.56,,,,,
T_297,105.78,14.17,2027-02-21 21:56:17,True,True,"[(np.float64(0.0), np.float64(0.75)), (np.float64(19.0), np.float64(24.75)), (np.float64(43.0), np.float64(48.0))]",False,False,"[(np.float64(3.0), np.float64(6.5)), (np.float64(27.0), np.float64(30.5))]",False,False,"[(np.float64(4.75), np.float64(10.5)), (np.float64(28.75), np.float64(34.5))]",,,,,,,,,,,1.499,0.987,60.23,61.23,-70.33
T_298,40.89,-41.34,2026-04-19 10:57:59,False,False,[],False,False,[],False,False,[],,,,,,,,,,,,,,,
T_299,0.09,-29.6,2026-12-16 09:52:03,False,False,"[(np.float64(6.5), np.float64(6.5)), (np.float64(30.5), np.float64(30.5))]",False,False,"[(np.float64(15.5), np.float64(17.75)), (np.float64(39.5), np.float64(41.75))]",False,False,[],,,,,,,,,,,,,,,
T_300,318.68,37.23,2027-01-15 15:14:30,False,False,[],False,False,[],False,False,[],,,,,,,,,,,,,,,
T_301,109.65,-13.21,2027-01-04 03:14:36,False,False,"[(np.float64(16.0), np.float64(21.5)), (np.float64(40.0), np.float64(45.5))]",True,True,"[(np.float64(0.0), np.float64(5.0)), (np.float64(22.25), np.float64(29.0)), (np.float64(46.25), np.float64(48.0))]",False,False,"[(np.float64(2.25), np.float64(7.0)), (np.float64(26.25), np.float64(31.0))]",,,,,,1.165,0.121,118.32,-32.06,-33.39,,,,,
T_302,234.87,2.61,2026-08-28 22:54:24,False,False,"[(np.float64(18.75), np.float64(19.5)), (np.float64(42.75), np.float64(43.5))]",False,False,"[(np.float64(1.0), np.float64(2.5)), (np.float64(25.0), np.float64(26.25))]",False,False,"[(np.float64(4.75), np.float64(5.25)), (np.float64(28.75), np.float64(29.25))]",,,,,,,,,,,,,,,
T_303,86.74,-24.16,2026-06-18 03:00:38,False,False,[],False,False,[],False,False,[],,,,,,,,,,,,,,,
T_304,130.76,24.18,2027-01-12 18:53:56,True,True,"[(np.float64(0.0), np.float64(8.25)), (np.float64(23.5), np.float64(32.25)), (np.float64(47.5), np.float64(48.0))]",False,False,"[(np.float64(9.25), np.float64(12.75)), (np.float64(33.25), np.float64(36.75))]",False,False,"[(np.float64(9.25), np.float64(18.0)), (np.float64(33.25), np.float64(42.0))]",,,,,,,,,,,1.689,0.207,140.94,2.62,-50.13
T_305,144.24,69.2,2026-07-07 22:44:47,False,False,[],False,False,[],False,False,[],,,,,,,,,,,,,,,
T_306,342.75,28.71,2026-09-06 20:10:46,True,True,"[(np.float64(0.0), np.float64(5.75)), (np.float64(21.25), np.float64(29.75)), (np.float64(45.25), np.float64(48.0))]",False,False,"[(np.float64(7.5), np.float64(9.25)), (np.float64(31.25), np.float64(33.25))]",False,False,"[(np.float64(7.25), np.float64(15.25)), (np.float64(31.25), np.float64(39.25))]",,,,,,,,,,,1.045,0.226,105.96,-26.27,-48.14
T_307,194.08,-41.92,2026-12-21 17:26:21,False,False,[],False,False,"[(np.float64(13.25), np.float64(14.5)), (np.float64(37.25), np.float64(38.5))]",False,False,[],,,,,,,,,,,,,,,
T_308,153.0,0.4,2026-03-14 15:07:19,False,False,"[(np.float64(2.0), np.float64(8.75)), (np.float64(26.25), np.float64(32.75))]",False,False,"[(np.float64(9.25), np.float64(15.75)), (np.float64(33.25), np.float64(39.75))]",False,False,"[(np.float64(12.0), np.float64(18.5)), (np.float64(36.0), np.float64(42.25))]",,,,,,,,,,,,,,,
T_309,57.48,-80.11,2026-05-06 05:11:33,False,False,[],False,False,[],False,False,[],,,,,,,,,,,,,,,
T_310,60.1,41.98,2026-10-04 05:11:11,False,False,"[(np.float64(14.75), np.float64(21.0)), (np.float64(38.75), np.float64(45.0))]",False,False,[],False,False,"[(np.float64(0.25), np.float64(6.75)), (np.float64(24.25), np.float64(30.75))]",,,,,,,,,,,,,,,
T_311,201.53,-53.78,2026-10-19 10:32:10,False,False,[],False,False,[],False,False,[],,,,,,,,,,,,,,,
T_312,102.03,34.4,2026-11-07 19:12:21,False,False,"[(np.float64(1.5), np.float64(7.25)), (np.float64(25.5), np.float64(31.25))]",False,False,[],False,False,"[(np.float64(11.0), np.float64(17.25)), (np.float64(35.0), np.float64(41.25))]",,,,,,,,,,,,,,,
T_313,7.16,22.43,2026-11-05 21:37:30,True,True,"[(np.float64(0.0), np.float64(2.0)), (np.float64(18.75), np.float64(25.75)), (np.float64(42.75), np.float64(48.0))]",False,False,"[(np.float64(3.0), np.float64(6.5)), (np.float64(27.0), np.float64(30.5))]",False,False,"[(np.float64(4.5), np.float64(11.75)), (np.float64(28.5), np.float64(35.75))]",,,,,,,,,,,1.204,0.116,161.55,-43.24,-75.47
T_314,281.04,-22.63,2026-08-29 22:06:15,False,False,"[(np.float64(19.5), np.float64(21.5)), (np.float64(43.5), np.float64(45.5))]",False,False,"[(np.float64(1.75), np.float64(7.25)), (np.float64(25.75), np.float64(31.0))]",False,False,"[(np.float64(5.5), np.float64(6.75)), (np.float64(29.5), np.float64(30.5))]",,,,,,,,,,,,,,,
T_315,28.38,13.66,2026-11-08 14:26:58,False,False,"[(np.float64(1.75), np.float64(10.0)), (np.float64(25.75), np.float64(34.0))]",False,False,"[(np.float64(10.25), np.float64(15.75)), (np.float64(34.25), np.float64(39.75))]",False,False,"[(np.float64(11.75), np.float64(19.75)), (np.float64(35.5), np.float64(43.75))]",,,,,,,,,,,,,,,
T_316,267.6,-67.87,2026-09-08 19:20:22,False,False,[],False,False,"[(np.float64(4.75), np.float64(9.25)), (np.float64(28.75), np.float64(33.25))]",False,False,[],,,,,,,,,,,,,,,
T_317,69.26,-20.63,2026-03-23 08:32:51,False,False,[],False,False,"[(np.float64(15.75), np.float64(17.0)), (np.float64(39.75), np.float64(41.0))]",False,False,[],,,,,,,,,,,,,,,
T_318,289.63,20.18,2026-12-20 20:12:39,False,False,[],False,False,[],False,False,[],,,,,,,,,,,,,,,
T_319,20.08,-35.84,2026-11-18 17:35:17,False,False,[],False,False,"[(np.float64(7.25), np.float64(13.25)), (np.float64(31.25), np.float64(37.25))]",False,False,[],,,,,,,,,,,,,,,
T_320,321.49,47.61,2026-04-04 08:10:40,False,False,"[(np.float64(17.0), np.float64(17.75)), (np.float64(41.0), np.float64(41.75))]",False,False,[],False,False,"[(np.float64(2.5), np.float64(3.5)), (np.float64(26.5), np.float64(27.5))]",,,,,,,,,,,,,,,
T_321,26.37,24.87,2026-06-09 13:13:29,False,False,[],False,False,[],False,False,[],,,,,,,,,,,,,,,
T_322,147.98,-34.34,2026-04-18 14:46:58,False,False,[],False,False,"[(np.float64(9.0), np.float64(14.75)), (np.float64(33.0), np.float64(38.5))]",False,False,[],,,,,,,,,,,,,,,
T_323,23.45,6.45,2026-12-22 14:29:47,False,False,"[(np.float64(1.75), np.float64(6.5)), (np.float64(25.75), np.float64(30.5))]",False,False,"[(np.float64(11.0), np.float64(13.0)), (np.float64(35.0), np.float64(36.75))]",False,False,"[(np.float64(11.5), np.float64(16.25)), (np.float64(35.5), np.float64(40.0))]",,,,,,,,,,,,,,,
T_324,38.18,-41.52,2026-12-06 18:23:19,False,False,[],False,False,"[(np.float64(6.75), np.float64(12.75)), (np.float64(30.75), np.float64(36.5))]",False,False,[],,,,,,,,,,,,,,,
T_325,251.03,42.94,2026-03-30 10:47:37,False,False,"[(np.float64(10.25), np.float64(15.25)), (np.float64(34.0), np.float64(39.25))]",False,False,[],True,True,"[(np.float64(0.0), np.float64(1.0)), (np.float64(19.75), np.float64(25.0)), (np.float64(43.5), np.float64(48.0))]",1.027,0.927,86.04,13.74,-29.93,,,,,,,,,,
T_326,31.79,-54.93,2026-07-31 13:44:10,False,False,[],False,False,"[(np.float64(15.25), np.float64(20.25)), (np.float64(39.25), np.float64(44.25))]",False,False,[],,,,,,,,,,,,,,,
T_327,145.76,-4.4,2026-07-21 16:22:04,False,False,[],False,False,[],False,False,[],,,,,,,,,,,,,,,
T_328,298.32,23.69,2026-07-20 03:36:30,False,False,"[(np.float64(14.75), np.float64(21.5)), (np.float64(38.75), np.float64(45.5))]",True,True,"[(np.float64(0.0), np.float64(3.0)), (np.float64(23.25), np.float64(27.0)), (np.float64(47.25), np.float64(48.0))]",False,False,"[(np.float64(0.75), np.float64(7.0)), (np.float64(24.75), np.float64(31.0))]",,,,,,1.768,0.37,110.92,1.73,-71.43,,,,,
T_329,56.92,37.21,2026-11-11 03:07:20,False,False,"[(np.float64(14.25), np.float64(23.5)), (np.float64(38.25), np.float64(47.5))]",False,False,[],True,True,"[(np.float64(0.0), np.float64(9.25)), (np.float64(23.75), np.float64(33.25)), (np.float64(47.75), np.float64(48.0))]",1.827,0.034,167.42,-22.2,-33.49,,,,,,,,,,
T_330,342.41,-8.67,2026-06-23 07:12:44,False,False,"[(np.float64(16.0), np.float64(17.75)), (np.float64(40.0), np.float64(41.75))]",True,True,"[(np.float64(0.0), np.float64(2.75)), (np.float64(22.25), np.float64(26.75)), (np.float64(46.25), np.float64(48.0))]",False,False,"[(np.float64(2.25), np.float64(3.25)), (np.float64(26.0), np.float64(27.25))]",,,,,,1.267,0.64,143.47,-15.8,-56.56,,,,,
T_331,32.05,9.15,2026-12-08 05:22:47,False,False,"[(np.float64(10.75), np.float64(17.25)), (np.float64(34.75), np.float64(41.0))]",False,False,"[(np.float64(20.0), np.float64(23.25)), (np.float64(44.0), np.float64(47.25))]",True,True,"[(np.float64(0.0), np.float64(3.0)), (np.float64(20.5), np.float64(27.0)), (np.float64(44.5), np.float64(48.0))]",1.136,0.008,145.37,-72.27,-62.02,,,,,,,,,,
T_332,160.29,14.39,2027-02-10 23:20:18,True,True,"[(np.float64(0.0), np.float64(3.5)), (np.float64(19.5), np.float64(27.5)), (np.float64(43.5), np.float64(48.0))]",False,False,"[(np.float64(4.0), np.float64(9.5)), (np.float64(28.0), np.float64(33.25))]",False,False,"[(np.float64(5.25), np.float64(13.5)), (np.float64(29.25), np.float64(37.5))]",,,,,,,,,,,1.043,0.173,145.21,-46.86,-64.58
T_333,90.53,9.59,2026-04-11 21:27:29,False,False,"[(np.float64(20.25), np.float64(20.75)), (np.float64(44.25), np.float64(44.75))]",False,False,"[(np.float64(2.5), np.float64(3.0)), (np.float64(26.5), np.float64(27.0))]",False,False,"[(np.float64(6.0), np.float64(6.5)), (np.float64(30.0), np.float64(30.5))]",,,,,,,,,,,,,,,
T_334,29.26,-44.66,2026-07-01 19:56:17,False,False,[],False,False,"[(np.float64(11.25), np.float64(14.25)), (np.float64(35.0), np.float64(38.25))]",False,False,[],,,,,,,,,,,,,,,
T_335,206.9,-37.77,2026-04-23 00:19:49,False,False,[],True,True,"[(np.float64(0.0), np.float64(8.75)), (np.float64(23.5), np.float64(32.75)), (np.float64(47.5), np.float64(48.0))]",False,False,[],,,,,,1.604,0.379,111.19,24.8,-27.42,,,,,
T_336,286.01,-10.0,2027-01-07 05:13:38,False,False,[],False,False,[],False,False,[],,,,,,,,,,,,,,,
T_337,113.45,-4.68,2026-06-14 08:17:31,False,False,[],False,False,[],False,False,[],,,,,,,,,,,,,,,
T_338,283.03,26.14,2026-08-12 10:43:23,False,False,"[(np.float64(7.25), np.float64(12.75)), (np.float64(31.25), np.float64(36.75))]",False,False,"[(np.float64(14.0), np.float64(17.0)), (np.float64(38.0), np.float64(40.75))]",False,False,"[(np.float64(17.25), np.float64(22.75)), (np.float64(41.25), np.float64(46.75))]",,,,,,,,,,,,,,,
T_339,271.69,4.74,2027-02-10 23:37:54,False,False,"[(np.float64(3.0), np.float64(3.25)), (np.float64(27.0), np.float64(27.25))]",False,False,[],False,False,"[(np.float64(13.0), np.float64(13.0)), (np.float64(36.75), np.float64(37.0))]",,,,,,,,,,,,,,,
T_340,59.22,-42.81,2027-02-22 19:44:10,False,False,[],False,False,"[(np.float64(5.25), np.float64(7.5)), (np.float64(29.25), np.float64(31.5))]",False,False,[],,,,,,,,,,,,,,,
T_341,30.44,-42.03,2026-04-17 09:22:40,False,False,[],False,False,[],False,False,[],,,,,,,,,,,,,,,
T_342,324.06,-6.51,2026-07-18 06:53:49,False,False,"[(np.float64(13.5), np.float64(18.25)), (np.float64(37.25), np.float64(42.25))]",True,True,"[(np.float64(0.0), np.float64(3.25)), (np.float64(19.75), np.float64(27.25)), (np.float64(43.75), np.float64(48.0))]",True,True,"[(np.float64(0.0), np.float64(3.75)), (np.float64(23.5), np.float64(27.75)), (np.float64(47.25), np.float64(48.0))]",1.689,0.193,156.8,-22.78,-33.47,1.088,0.193,156.53,-58.83,-60.71,,,,,
T_343,164.69,21.86,2026-11-03 07:00:26,False,False,"[(np.float64(18.5), np.float64(19.5)), (np.float64(42.25), np.float64(43.5))]",False,False,[],False,False,"[(np.float64(4.25), np.float64(5.25)), (np.float64(28.25), np.float64(29.25))]",,,,,,,,,,,,,,,
T_344,118.02,50.23,2026-10-12 13:51:11,False,False,"[(np.float64(9.25), np.float64(12.25)), (np.float64(33.25), np.float64(36.5))]",False,False,[],False,False,"[(np.float64(18.5), np.float64(22.25)), (np.float64(42.5), np.float64(46.25))]",,,,,,,,,,,,,,,
T_345,10.73,-47.0,2026-10-06 11:36:36,False,False,[],False,False,"[(np.float64(12.75), np.float64(21.25)), (np.float64(36.75), np.float64(45.25))]",False,False,[],,,,,,,,,,,,,,,
T_346,15.13,74.12,2026-08-20 12:17:45,False,False,"[(np.float64(7.0), np.float64(13.25)), (np.float64(30.75), np.float64(37.25))]",False,False,[],False,False,"[(np.float64(15.5), np.float64(23.0)), (np.float64(39.5), np.float64(47.0))]",,,,,,,,,,,,,,,
T_347,55.18,33.31,2026-11-11 06:09:49,False,False,"[(np.float64(11.25), np.float64(20.5)), (np.float64(35.0), np.float64(44.5))]",False,False,[],True,True,"[(np.float64(0.0), np.float64(6.25)), (np.float64(20.75), np.float64(30.25)), (np.float64(44.75), np.float64(48.0))]",1.066,0.038,167.51,-57.57,-67.97,,,,,,,,,,
T_348,221.6,-66.23,2026-09-07 14:42:40,False,False,[],False,False,"[(np.float64(9.25), np.float64(11.0)), (np.float64(33.25), np.float64(35.0))]",False,False,[],,,,,,,,,,,,,,,
T_349,34.73,37.76,2026-11-23 07:09:01,False,False,"[(np.float64(9.0), np.float64(17.5)), (np.float64(33.0), np.float64(41.5))]",False,False,[],True,True,"[(np.float64(0.0), np.float64(3.5)), (np.float64(18.75), np.float64(27.5)), (np.float64(42.75), np.float64(48.0))]",1.054,0.973,18.07,67.39,-75.58,,,,,,,,,,
T_350,63.15,20.6,2026-08-07 00:26:49,True,True,"[(np.float64(0.0), np.float64(1.0)), (np.float64(24.0), np.float64(25.0)), (np.float64(48.0), np.float64(48.0))]",False,False,"[(np.float64(9.25), np.float64(9.5)), (np.float64(33.25), np.float64(33.5))]",False,False,"[(np.float64(9.75), np.float64(10.5)), (np.float64(33.75), np.float64(34.5))]",,,,,,,,,,,1.989,0.397,9.72,39.91,-29.43
T_351,69.33,12.45,2027-01-07 19:58:44,True,True,"[(np.float64(0.0), np.float64(3.25)), (np.float64(20.5), np.float64(27.25)), (np.float64(44.5), np.float64(48.0))]",False,False,"[(np.float64(5.5), np.float64(9.0)), (np.float64(29.5), np.float64(33.0))]",False,False,"[(np.float64(6.25), np.float64(13.0)), (np.float64(30.25), np.float64(37.0))]",,,,,,,,,,,1.07,0.001,141.27,-65.97,-64.76
T_352,254.06,-33.53,2026-08-17 16:23:02,False,False,[],False,False,"[(np.float64(7.5), np.float64(12.25)), (np.float64(31.5), np.float64(36.0))]",False,False,[],,,,,,,,,,,,,,,
T_353,132.08,-24.18,2027-01-20 20:57:05,True,True,"[(np.float64(0.0), np.float64(3.25)), (np.float64(23.75), np.float64(27.0)), (np.float64(47.75), np.float64(48.0))]",False,False,"[(np.float64(4.5), np.float64(11.5)), (np.float64(28.5), np.float64(35.5))]",False,False,"[(np.float64(10.75), np.float64(12.0)), (np.float64(34.5), np.float64(35.75))]",,,,,,,,,,,1.923,0.959,60.91,79.51,-74.24
T_354,148.51,-66.06,2026-04-13 23:55:42,False,False,[],True,True,"[(np.float64(0.0), np.float64(6.5)), (np.float64(24.0), np.float64(30.5)), (np.float64(48.0), np.float64(48.0))]",False,False,[],,,,,,1.28,0.152,105.49,-43.47,-20.29,,,,,
T_355,101.84,62.39,2027-01-21 02:15:28,False,False,"[(np.float64(14.25), np.float64(23.5)), (np.float64(38.5), np.float64(47.5))]",False,False,[],True,True,"[(np.float64(0.0), np.float64(10.0)), (np.float64(24.0), np.float64(33.75)), (np.float64(48.0), np.float64(48.0))]",1.439,0.969,36.32,37.98,-18.68,,,,,,,,,,
T_356,134.68,18.19,2026-05-05 01:25:34,False,False,"[(np.float64(16.5), np.float64(18.5)), (np.float64(40.5), np.float64(42.5))]",False,False,"[(np.float64(22.25), np.float64(23.75)), (np.float64(46.25), np.float64(47.75))]",False,False,"[(np.float64(2.5), np.float64(4.5)), (np.float64(26.5), np.float64(28.25))]",,,,,,,,,,,,,,,
T_357,172.83,-4.59,2026-08-30 16:34:08,False,False,[],False,False,[],False,False,[],,,,,,,,,,,,,,,
T_358,95.68,-41.23,2026-09-24 09:34:54,False,False,[],False,False,"[(np.float64(20.5), np.float64(23.5)), (np.float64(44.25), np.float64(47.5))]",False,False,[],,,,,,,,,,,,,,,
T_359,255.22,-22.58,2026-12-04 04:22:14,False,False,[],False,False,[],False,False,[],,,,,,,,,,,,,,,
T_360,287.38,48.13,2026-06-25 12:08:09,False,False,"[(np.float64(6.25), np.float64(12.75)), (np.float64(30.25), np.float64(36.75))]",False,False,[],False,False,"[(np.float64(16.5), np.float64(22.25)), (np.float64(40.5), np.float64(46.25))]",,,,,,,,,,,,,,,
T_361,150.06,17.63,2026-05-21 02:59:18,False,False,"[(np.float64(15.25), np.float64(17.0)), (np.float64(39.25), np.float64(41.0))]",False,False,"[(np.float64(20.5), np.float64(22.25)), (np.float64(44.5), np.float64(46.25))]",False,False,"[(np.float64(1.25), np.float64(2.75)), (np.float64(25.25), np.float64(26.75))]",,,,,,,,,,,,,,,
T_362,234.96,-31.8,2026-05-08 14:34:44,False,False,[],False,False,"[(np.float64(10.0), np.float64(19.25)), (np.float64(34.0), np.float64(43.25))]",False,False,[],,,,,,,,,,,,,,,
T_363,302.2,26.58,2027-02-21 23:49:53,False,False,[],False,False,[],False,False,[],,,,,,,,,,,,,,,
T_364,197.25,-40.89,2026-04-10 07:53:59,False,False,[],True,True,"[(np.float64(0.0), np.float64(1.5)), (np.float64(16.0), np.float64(25.5)), (np.float64(40.0), np.float64(48.0))]",False,False,[],,,,,,1.324,0.489,78.92,46.88,-40.72,,,,,
T_365,106.35,61.12,2026-06-16 12:14:49,False,False,[],False,False,[],False,False,[],,,,,,,,,,,,,,,
T_366,295.25,-35.95,2026-07-21 01:43:37,False,False,[],True,True,"[(np.float64(0.0), np.float64(7.5)), (np.float64(22.0), np.float64(31.5)), (np.float64(46.0), np.float64(48.0))]",False,False,[],,,,,,1.228,0.462,87.16,37.32,-47.25,,,,,
T_367,298.05,63.49,2026-05-11 05:22:40,False,False,"[(np.float64(15.5), np.float64(19.75)), (np.float64(39.5), np.float64(43.75))]",False,False,[],False,False,"[(np.float64(0.75), np.float64(5.25)), (np.float64(24.75), np.float64(29.25))]",,,,,,,,,,,,,,,
T_368,167.53,48.74,2026-07-12 22:22:01,False,False,"[(np.float64(20.0), np.float64(20.0)), (np.float64(44.0), np.float64(44.0))]",False,False,[],False,False,"[(np.float64(6.25), np.float64(6.25)), (np.float64(30.25), np.float64(30.25))]",,,,,,,,,,,,,,,
T_369,264.49,-49.91,2026-10-10 14:12:24,False,False,[],False,False,"[(np.float64(10.0), np.float64(11.75)), (np.float64(34.0), np.float64(35.75))]",False,False,[],,,,,,,,,,,,,,,
T_370,355.16,64.53,2026-05-08 15:14:56,False,False,"[(np.float64(9.5), np.float64(10.0)), (np.float64(33.5), np.float64(34.0))]",False,False,[],False,False,"[(np.float64(18.75), np.float64(19.5)), (np.float64(42.75), np.float64(43.5))]",,,,,,,,,,,,,,,
T_371,240.38,52.1,2026-03-28 11:48:46,False,False,"[(np.float64(8.25), np.float64(14.25)), (np.float64(32.25), np.float64(38.25))]",False,False,[],True,True,"[(np.float64(0.0), np.float64(0.0)), (np.float64(17.75), np.float64(24.0)), (np.float64(41.75), np.float64(48.0))]",1.057,0.784,84.63,-9.58,-19.05,,,,,,,,,,
T_372,182.58,-88.66,2026-11-11 02:25:38,False,False,[],False,False,[],False,False,[],,,,,,,,,,,,,,,
T_373,186.99,-1.03,2026-07-02 04:26:05,False,False,"[(np.float64(14.0), np.float64(14.5)), (np.float64(38.0), np.float64(38.5))]",False,False,"[(np.float64(19.0), np.float64(21.5)), (np.float64(43.0), np.float64(45.5))]",False,False,"[(np.float64(0.25), np.float64(0.25))]",,,,,,,,,,,,,,,
T_374,98.13,67.24,2026-11-15 07:50:24,False,False,"[(np.float64(11.25), np.float64(18.75)), (np.float64(35.25), np.float64(42.75))]",False,False,[],True,True,"[(np.float64(0.0), np.float64(4.5)), (np.float64(20.25), np.float64(28.5)), (np.float64(44.25), np.float64(48.0))]",1.292,0.3,133.43,-36.11,-71.61,,,,,,,,,,
T_375,238.18,-75.2,2027-02-11 05:15:57,False,False,[],False,False,"[(np.float64(0.5), np.float64(3.5)), (np.float64(24.5), np.float64(27.5))]",False,False,[],,,,,,,,,,,,,,,
T_376,23.41,19.75,2026-05-22 14:05:25,False,False,[],False,False,[],False,False,[],,,,,,,,,,,,,,,
T_377,129.71,46.47,2027-01-10 22:39:14,True,True,"[(np.float64(0.0), np.float64(4.5)), (np.float64(19.25), np.float64(28.5)), (np.float64(43.25), np.float64(48.0))]",False,False,[],False,False,"[(np.float64(4.75), np.float64(14.25)), (np.float64(28.75), np.float64(38.25))]",,,,,,,,,,,1.045,0.084,144.55,-64.6,-75.8
T_378,95.54,-21.37,2026-08-02 09:29:33,False,False,[],False,False,"[(np.float64(0.5), np.float64(0.5)), (np.float64(24.5), np.float64(24.5))]",False,False,[],,,,,,,,,,,,,,,
T_379,144.78,66.07,2026-10-12 20:38:04,False,False,"[(np.float64(3.75), np.float64(5.5)), (np.float64(27.75), np.float64(29.5))]",False,False,[],False,False,"[(np.float64(13.0), np.float64(15.25)), (np.float64(36.75), np.float64(39.5))]",,,,,,,,,,,,,,,
T_380,288.96,60.97,2027-01-28 08:44:06,False,False,"[(np.float64(18.25), np.float64(18.25)), (np.float64(42.25), np.float64(42.25))]",False,False,[],False,False,"[(np.float64(3.5), np.float64(4.25)), (np.float64(27.5), np.float64(28.25))]",,,,,,,,,,,,,,,
T_381,32.2,26.94,2026-06-17 20:06:02,False,False,[],False,False,[],False,False,[],,,,,,,,,,,,,,,
T_382,199.18,-79.72,2026-12-20 04:37:54,False,False,[],False,False,"[(np.float64(2.0), np.float64(3.25)), (np.float64(26.0), np.float64(27.25))]",False,False,[],,,,,,,,,,,,,,,
T_383,163.56,17.68,2026-08-02 23:43:24,False,False,[],False,False,[],False,False,[],,,,,,,,,,,,,,,
T_384,252.88,45.86,2026-10-18 01:06:39,False,False,"[(np.float64(15.5), np.float64(16.5)), (np.float64(39.5), np.float64(40.5))]",False,False,[],False,False,"[(np.float64(1.25), np.float64(2.75)), (np.float64(25.25), np.float64(26.75))]",,,,,,,,,,,,,,,
T_385,46.29,51.59,2026-12-12 10:05:36,False,False,"[(np.float64(6.25), np.float64(14.25)), (np.float64(30.25), np.float64(38.25))]",False,False,[],True,True,"[(np.float64(0.0), np.float64(0.5)), (np.float64(15.75), np.float64(24.5)), (np.float64(39.75), np.float64(48.0))]",1.702,0.1,118.42,-78.26,-52.36,,,,,,,,,,
T_386,210.62,3.93,2026-03-08 19:29:33,False,False,"[(np.float64(1.5), np.float64(7.0)), (np.float64(25.25), np.float64(31.0))]",False,False,"[(np.float64(8.75), np.float64(13.75)), (np.float64(32.75), np.float64(37.75))]",False,False,"[(np.float64(11.25), np.float64(16.75)), (np.float64(35.25), np.float64(40.75))]",,,,,,,,,,,,,,,
T_387,184.98,47.19,2026-11-27 11:39:22,False,False,"[(np.float64(13.0), np.float64(15.0)), (np.float64(36.75), np.float64(39.0))]",False,False,[],True,True,"[(np.float64(0.0), np.float64(1.0)), (np.float64(22.25), np.float64(25.0)), (np.float64(46.25), np.float64(48.0))]",1.366,0.882,64.05,68.37,-31.0,,,,,,,,,,
T_388,42.31,4.12,2026-08-07 07:30:36,False,False,"[(np.float64(16.25), np.float64(18.0)), (np.float64(40.0), np.float64(42.0))]",True,True,"[(np.float64(0.0), np.float64(2.5)), (np.float64(23.5), np.float64(26.5)), (np.float64(47.5), np.float64(48.0))]",False,False,"[(np.float64(2.0), np.float64(3.5)), (np.float64(26.0), np.float64(27.5))]",,,,,,1.723,0.364,26.5,9.82,-50.78,,,,,
T_389,299.49,48.11,2026-06-15 10:15:39,False,False,"[(np.float64(8.75), np.float64(14.75)), (np.float64(32.75), np.float64(38.75))]",False,False,[],True,True,"[(np.float64(0.0), np.float64(0.0)), (np.float64(18.25), np.float64(24.0)), (np.float64(42.25), np.float64(48.0))]",1.032,0.003,99.87,-19.04,-19.56,,,,,,,,,,
T_390,277.37,-35.71,2026-12-02 23:06:57,False,False,[],False,False,[],False,False,[],,,,,,,,,,,,,,,
T_391,270.76,-22.83,2026-07-23 07:49:24,False,False,"[(np.float64(10.5), np.float64(13.75)), (np.float64(34.5), np.float64(37.5))]",False,False,"[(np.float64(15.75), np.float64(23.25)), (np.float64(39.75), np.float64(47.25))]",False,False,"[(np.float64(20.5), np.float64(22.75)), (np.float64(44.5), np.float64(46.5))]",,,,,,,,,,,,,,,
T_392,46.14,5.74,2026-10-08 14:11:16,False,False,"[(np.float64(5.75), np.float64(12.0)), (np.float64(29.5), np.float64(36.0))]",False,False,"[(np.float64(13.25), np.float64(18.5)), (np.float64(37.0), np.float64(42.5))]",False,False,"[(np.float64(15.5), np.float64(21.75)), (np.float64(39.5), np.float64(45.75))]",,,,,,,,,,,,,,,
T_393,134.71,-79.94,2026-08-25 02:16:51,False,False,[],False,False,[],False,False,[],,,,,,,,,,,,,,,
T_394,351.5,64.49,2026-04-01 07:35:28,False,False,[],False,False,[],False,False,[],,,,,,,,,,,,,,,
T_395,67.18,41.96,2027-01-29 13:52:20,False,False,"[(np.float64(2.75), np.float64(8.5)), (np.float64(26.75), np.float64(32.5))]",False,False,[],False,False,"[(np.float64(12.5), np.float64(18.5)), (np.float64(36.5), np.float64(42.5))]",,,,,,,,,,,,,,,
T_396,207.19,0.22,2026-11-03 03:49:52,False,False,[],False,False,[],False,False,[],,,,,,,,,,,,,,,
T_397,12.69,1.76,2026-11-27 00:21:13,False,False,"[(np.float64(15.75), np.float64(21.25)), (np.float64(39.75), np.float64(45.25))]",False,False,"[(np.float64(0.75), np.float64(4.25)), (np.float64(24.75), np.float64(28.25))]",False,False,"[(np.float64(1.5), np.float64(7.0)), (np.float64(25.5), np.float64(31.0))]",,,,,,,,,,,,,,,
T_398,145.91,-0.21,2026-05-03 02:29:46,False,False,"[(np.float64(15.5), np.float64(17.75)), (np.float64(39.5), np.float64(41.5))]",True,True,"[(np.float64(0.0), np.float64(0.75)), (np.float64(21.0), np.float64(24.75)), (np.float64(45.0), np.float64(48.0))]",False,False,"[(np.float64(1.5), np.float64(3.25)), (np.float64(25.5), np.float64(27.25))]",,,,,,1.523,0.981,88.84,47.69,-57.17,,,,,
T_399,316.71,39.48,2026-09-19 13:33:06,False,False,"[(np.float64(3.5), np.float64(10.25)), (np.float64(27.5), np.float64(34.0))]",False,False,[],False,False,"[(np.float64(13.5), np.float64(20.0)), (np.float64(37.5), np.float64(44.0))]",,,,,,,,,,,,,,,
T_400,292.05,16.33,2026-08-22 19:46:04,True,True,"[(np.float64(0.0), np.float64(3.5)), (np.float64(22.0), np.float64(27.5)), (np.float64(46.0), np.float64(48.0))]",False,False,"[(np.float64(4.0), np.float64(9.0)), (np.float64(28.0), np.float64(32.75))]",False,False,"[(np.float64(8.0), np.float64(13.25)), (np.float64(32.0), np.float64(37.25))]",,,,,,,,,,,1.044,0.748,50.53,22.92,-39.81
T_401,116.86,-24.9,2026-12-14 11:52:47,False,False,"[(np.float64(10.5), np.float64(13.5)), (np.float64(34.5), np.float64(37.5))]",False,False,"[(np.float64(14.75), np.float64(20.0)), (np.float64(38.5), np.float64(44.0))]",False,False,"[(np.float64(21.5), np.float64(22.0)), (np.float64(45.5), np.float64(46.0))]",,,,,,,,,,,,,,,
T_402,59.74,-27.21,2026-10-01 04:31:02,False,False,"[(np.float64(19.25), np.float64(21.5)), (np.float64(43.25), np.float64(45.5))]",True,True,"[(np.float64(0.0), np.float64(4.5)), (np.float64(23.0), np.float64(28.25)), (np.float64(47.0), np.float64(48.0))]",False,False,[],,,,,,1.45,0.761,54.4,11.14,-57.57,,,,,
T_403,137.11,-6.22,2026-09-25 22:44:56,False,False,[],False,False,[],False,False,[],,,,,,,,,,,,,,,
T_404,274.57,-34.8,2026-11-29 22:18:28,False,False,[],False,False,[],False,False,[],,,,,,,,,,,,,,,
T_405,223.74,-49.04,2026-04-19 19:50:34,False,False,[],False,False,"[(np.float64(5.0), np.float64(13.75)), (np.float64(29.0), np.float64(37.75))]",False,False,[],,,,,,,,,,,,,,,
T_406,180.56,6.18,2026-06-08 06:27:17,False,False,"[(np.float64(12.0), np.float64(14.0)), (np.float64(36.0), np.float64(37.75))]",False,False,"[(np.float64(17.0), np.float64(20.5)), (np.float64(41.0), np.float64(44.25))]",False,False,"[(np.float64(22.0), np.float64(23.5)), (np.float64(46.0), np.float64(47.5))]",,,,,,,,,,,,,,,
T_407,327.14,-37.68,2026-07-02 10:22:20,False,False,[],False,False,"[(np.float64(16.75), np.float64(23.75)), (np.float64(40.75), np.float64(47.75))]",False,False,[],,,,,,,,,,,,,,,
T_408,250.15,-11.82,2026-10-25 09:11:37,False,False,[],False,False,[],False,False,[],,,,,,,,,,,,,,,
T_409,264.14,-39.03,2026-12-18 08:26:10,False,False,[],False,False,[],False,False,[],,,,,,,,,,,,,,,
T_410,171.45,57.22,2026-06-18 12:38:46,False,False,"[(np.float64(5.75), np.float64(8.0)), (np.float64(29.75), np.float64(31.75))]",False,False,[],False,False,"[(np.float64(16.0), np.float64(18.0)), (np.float64(40.0), np.float64(42.0))]",,,,,,,,,,,,,,,
T_411,226.0,-38.96,2026-10-23 11:56:53,False,False,[],False,False,[],False,False,[],,,,,,,,,,,,,,,
T_412,7.22,-29.81,2026-05-20 23:41:47,False,False,[],False,False,"[(np.float64(9.0), np.float64(10.25)), (np.float64(33.0), np.float64(34.25))]",False,False,[],,,,,,,,,,,,,,,
T_413,358.76,35.8,2026-05-12 03:08:47,False,False,[],False,False,[],False,False,[],,,,,,,,,,,,,,,
T_414,273.91,47.64,2026-10-23 10:23:11,False,False,"[(np.float64(6.0), np.float64(8.5)), (np.float64(30.0), np.float64(32.25))]",False,False,[],False,False,"[(np.float64(15.75), np.float64(18.5)), (np.float64(39.75), np.float64(42.5))]",,,,,,,,,,,,,,,
T_415,319.16,-33.38,2026-05-31 09:17:39,False,False,[],True,True,"[(np.float64(0.0), np.float64(0.75)), (np.float64(19.5), np.float64(24.75)), (np.float64(43.5), np.float64(48.0))]",False,False,[],,,,,,1.003,0.998,62.04,28.52,-27.98,,,,,
T_416,322.11,-50.4,2026-06-28 12:08:54,False,False,[],False,False,"[(np.float64(14.5), np.float64(22.0)), (np.float64(38.5), np.float64(46.0))]",False,False,[],,,,,,,,,,,,,,,
T_417,103.13,37.89,2026-07-28 07:49:06,False,False,[],False,False,[],False,False,[],,,,,,,,,,,,,,,
T_418,285.26,44.46,2026-06-06 07:03:22,False,False,"[(np.float64(11.75), np.float64(17.75)), (np.float64(35.5), np.float64(41.75))]",False,False,[],True,True,"[(np.float64(0.0), np.float64(3.25)), (np.float64(21.5), np.float64(27.25)), (np.float64(45.5), np.float64(48.0))]",1.15,0.71,70.19,2.22,-32.35,,,,,,,,,,
T_419,206.3,-42.66,2026-03-08 11:57:46,False,False,[],False,False,"[(np.float64(14.5), np.float64(21.25)), (np.float64(38.5), np.float64(45.25))]",False,False,[],,,,,,,,,,,,,,,
T_420,235.12,-39.1,2026-03-30 15:49:23,False,False,[],False,False,"[(np.float64(11.25), np.float64(17.5)), (np.float64(35.25), np.float64(41.75))]",False,False,[],,,,,,,,,,,,,,,
T_421,240.19,27.89,2026-12-27 20:24:55,False,False,"[(np.float64(6.25), np.float64(6.5)), (np.float64(30.25), np.float64(30.5))]",False,False,[],False,False,"[(np.float64(16.0), np.float64(16.5)), (np.float64(40.0), np.float64(40.5))]",,,,,,,,,,,,,,,
T_422,223.98,12.63,2026-03-29 12:30:35,False,False,"[(np.float64(7.5), np.float64(13.5)), (np.float64(31.5), np.float64(37.5))]",False,False,"[(np.float64(15.75), np.float64(21.0)), (np.float64(39.75), np.float64(45.0))]",False,False,"[(np.float64(17.25), np.float64(23.25)), (np.float64(41.25), np.float64(47.25))]",,,,,,,,,,,,,,,
T_423,78.67,-58.55,2026-12-10 03:42:53,False,False,[],True,True,"[(np.float64(0.0), np.float64(4.25)), (np.float64(21.5), np.float64(28.25)), (np.float64(45.5), np.float64(48.0))]",False,False,[],,,,,,1.167,0.013,94.25,-28.71,-36.33,,,,,
T_424,140.3,28.77,2026-04-26 14:39:34,False,False,"[(np.float64(3.25), np.float64(6.5)), (np.float64(27.25), np.float64(30.5))]",False,False,"[(np.float64(9.0), np.float64(10.0)), (np.float64(33.0), np.float64(34.0))]",False,False,"[(np.float64(13.25), np.float64(16.5)), (np.float64(37.25), np.float64(40.5))]",,,,,,,,,,,,,,,
T_425,293.85,-42.88,2026-04-01 09:46:05,False,False,[],False,False,"[(np.float64(21.0), np.float64(23.75)), (np.float64(45.0), np.float64(47.75))]",False,False,[],,,,,,,,,,,,,,,
T_426,280.47,-9.2,2026-08-30 05:12:04,False,False,"[(np.float64(12.5), np.float64(15.5)), (np.float64(36.25), np.float64(39.5))]",False,False,"[(np.float64(18.75), np.float64(23.5)), (np.float64(42.75), np.float64(47.5))]",True,True,"[(np.float64(0.0), np.float64(1.25)), (np.float64(22.25), np.float64(25.0)), (np.float64(46.25), np.float64(48.0))]",1.536,0.954,80.57,28.87,-35.77,,,,,,,,,,
T_427,257.51,-50.67,2026-05-04 18:55:08,False,False,[],False,False,"[(np.float64(7.0), np.float64(14.75)), (np.float64(31.0), np.float64(38.75))]",False,False,[],,,,,,,,,,,,,,,
T_428,357.35,30.67,2026-10-19 05:24:14,False,False,"[(np.float64(11.25), np.float64(18.75)), (np.float64(35.0), np.float64(42.75))]",False,False,[],True,True,"[(np.float64(0.0), np.float64(4.75)), (np.float64(21.0), np.float64(28.75)), (np.float64(45.0), np.float64(48.0))]",1.002,0.554,74.17,13.74,-55.12,,,,,,,,,,
T_429,224.65,51.66,2026-11-10 17:50:10,False,False,[],False,False,[],False,False,[],,,,,,,,,,,,,,,
T_430,300.44,-31.91,2026-05-01 04:51:17,False,False,[],False,False,"[(np.float64(0.75), np.float64(4.75)), (np.float64(24.75), np.float64(28.75))]",False,False,[],,,,,,,,,,,,,,,
T_431,265.13,39.67,2026-07-27 07:00:27,False,False,"[(np.float64(11.25), np.float64(16.75)), (np.float64(35.25), np.float64(40.75))]",False,False,[],True,True,"[(np.float64(0.0), np.float64(2.75)), (np.float64(21.25), np.float64(26.75)), (np.float64(45.25), np.float64(48.0))]",1.118,0.95,68.92,24.72,-35.5,,,,,,,,,,
T_432,116.86,-30.54,2026-12-10 20:54:08,False,False,[],False,False,"[(np.float64(5.75), np.float64(11.0)), (np.float64(29.75), np.float64(35.0))]",False,False,[],,,,,,,,,,,,,,,
T_433,199.79,56.55,2027-02-09 20:14:54,False,False,"[(np.float64(0.25), np.float64(6.75)), (np.float64(24.25), np.float64(30.75)), (np.float64(48.0), np.float64(48.0))]",False,False,[],False,False,"[(np.float64(9.5), np.float64(16.5)), (np.float64(33.5), np.float64(40.5))]",,,,,,,,,,,,,,,
T_434,237.89,-31.99,2027-01-21 10:18:13,False,False,[],False,False,"[(np.float64(21.5), np.float64(22.25)), (np.float64(45.5), np.float64(46.25))]",False,False,[],,,,,,,,,,,,,,,
T_435,123.31,-6.49,2026-08-31 23:13:24,False,False,[],False,False,[],False,False,[],,,,,,,,,,,,,,,
T_436,110.99,-16.87,2027-03-02 03:59:32,False,False,"[(np.float64(13.0), np.float64(16.75)), (np.float64(37.0), np.float64(40.75))]",True,True,"[(np.float64(0.0), np.float64(1.75)), (np.float64(20.75), np.float64(25.5)), (np.float64(44.75), np.float64(48.0))]",True,True,"[(np.float64(0.0), np.float64(2.25)), (np.float64(23.0), np.float64(26.25)), (np.float64(47.0), np.float64(48.0))]",1.616,0.32,132.29,-75.49,-32.76,1.244,0.32,133.13,-13.03,-51.07,,,,,
T_437,271.01,-16.97,2026-08-28 02:26:57,False,False,"[(np.float64(15.25), np.float64(17.25)), (np.float64(39.25), np.float64(41.25))]",True,True,"[(np.float64(0.0), np.float64(2.0)), (np.float64(21.5), np.float64(26.0)), (np.float64(45.5), np.float64(48.0))]",False,False,"[(np.float64(1.25), np.float64(2.75)), (np.float64(25.0), np.float64(26.5))]",,,,,,1.165,1.0,63.23,52.66,-52.45,,,,,
T_438,69.09,24.42,2026-10-06 04:00:20,False,False,"[(np.float64(16.75), np.float64(22.25)), (np.float64(40.75), np.float64(46.25))]",False,False,"[(np.float64(2.5), np.float64(4.75)), (np.float64(26.5), np.float64(28.75))]",False,False,"[(np.float64(2.5), np.float64(8.0)), (np.float64(26.5), np.float64(32.0))]",,,,,,,,,,,,,,,
T_439,80.53,13.48,2026-08-01 05:14:55,False,False,[],False,False,[],False,False,[],,,,,,,,,,,,,,,
T_440,56.18,-8.26,2026-10-14 13:50:51,False,False,"[(np.float64(7.0), np.float64(12.5)), (np.float64(30.75), np.float64(36.5))]",False,False,"[(np.float64(13.25), np.float64(18.75)), (np.float64(37.0), np.float64(42.75))]",False,False,"[(np.float64(17.0), np.float64(22.25)), (np.float64(41.0), np.float64(46.25))]",,,,,,,,,,,,,,,
T_441,308.75,-32.49,2026-04-23 05:22:15,False,False,[],False,False,"[(np.float64(1.25), np.float64(4.25)), (np.float64(25.25), np.float64(28.25))]",False,False,[],,,,,,,,,,,,,,,
T_442,27.91,0.56,2026-04-02 03:46:33,False,False,[],False,False,[],False,False,[],,,,,,,,,,,,,,,
T_443,112.69,75.23,2026-05-16 08:35:20,False,False,"[(np.float64(9.5), np.float64(10.5)), (np.float64(33.5), np.float64(34.5))]",False,False,[],False,False,"[(np.float64(19.5), np.float64(21.5)), (np.float64(43.5), np.float64(45.5))]",,,,,,,,,,,,,,,
T_444,333.67,9.05,2026-05-29 11:55:00,False,False,"[(np.float64(11.5), np.float64(13.0)), (np.float64(35.5), np.float64(37.0))]",False,False,"[(np.float64(19.5), np.float64(22.0)), (np.float64(43.5), np.float64(46.0))]",False,False,"[(np.float64(21.5), np.float64(22.5)), (np.float64(45.25), np.float64(46.5))]",,,,,,,,,,,,,,,
T_445,117.7,-1.63,2026-08-23 23:40:53,False,False,[],False,False,[],False,False,[],,,,,,,,,,,,,,,
T_446,337.73,23.08,2026-06-01 04:37:08,False,False,"[(np.float64(18.5), np.float64(20.25)), (np.float64(42.5), np.float64(44.25))]",False,False,"[(np.float64(4.0), np.float64(5.25)), (np.float64(28.0), np.float64(29.25))]",False,False,"[(np.float64(4.25), np.float64(5.75)), (np.float64(28.25), np.float64(29.75))]",,,,,,,,,,,,,,,
T_447,176.92,-26.08,2026-03-11 10:34:43,False,False,"[(np.float64(10.25), np.float64(13.0)), (np.float64(34.25), np.float64(36.75))]",False,False,"[(np.float64(14.25), np.float64(22.75)), (np.float64(38.0), np.float64(46.75))]",False,False,[],,,,,,,,,,,,,,,
T_448,251.17,1.59,2026-07-12 12:13:24,False,False,"[(np.float64(6.25), np.float64(10.5)), (np.float64(30.25), np.float64(34.25))]",False,False,"[(np.float64(11.25), np.float64(17.25)), (np.float64(35.25), np.float64(41.25))]",False,False,"[(np.float64(16.25), np.float64(20.0)), (np.float64(40.25), np.float64(44.0))]",,,,,,,,,,,,,,,
T_449,336.55,46.34,2026-06-20 22:06:05,True,True,"[(np.float64(0.0), np.float64(2.75)), (np.float64(23.0), np.float64(26.75)), (np.float64(47.0), np.float64(48.0))]",False,False,[],False,False,"[(np.float64(8.5), np.float64(12.25)), (np.float64(32.5), np.float64(36.25))]",,,,,,,,,,,1.537,0.398,129.55,-14.19,-36.19
T_450,59.36,-55.59,2026-07-05 13:48:30,False,False,[],False,False,"[(np.float64(18.75), np.float64(20.25)), (np.float64(42.75), np.float64(44.25))]",False,False,[],,,,,,,,,,,,,,,
T_451,59.0,41.9,2026-12-16 07:39:19,False,False,"[(np.float64(8.5), np.float64(17.25)), (np.float64(32.5), np.float64(41.0))]",False,False,[],True,True,"[(np.float64(0.0), np.float64(3.25)), (np.float64(18.25), np.float64(27.25)), (np.float64(42.25), np.float64(48.0))]",1.09,0.41,83.07,-14.81,-78.0,,,,,,,,,,
T_452,244.95,-11.26,2026-05-28 05:50:39,False,False,"[(np.float64(12.75), np.float64(18.5)), (np.float64(36.75), np.float64(42.5))]",True,True,"[(np.float64(0.0), np.float64(2.75)), (np.float64(18.75), np.float64(26.75)), (np.float64(42.75), np.float64(48.0))]",True,True,"[(np.float64(0.0), np.float64(4.25)), (np.float64(23.0), np.float64(28.0)), (np.float64(46.75), np.float64(48.0))]",1.597,0.912,35.98,36.74,-29.56,1.096,0.912,36.4,38.37,-72.31,,,,,
T_453,125.72,-78.9,2026-04-13 08:27:03,False,False,[],False,False,"[(np.float64(15.5), np.float64(20.5)), (np.float64(39.5), np.float64(44.5))]",False,False,[],,,,,,,,,,,,,,,
T_454,330.0,9.14,2026-04-25 23:00:28,False,False,"[(np.float64(2.5), np.float64(2.5)), (np.float64(26.5), np.float64(26.5))]",False,False,"[(np.float64(10.5), np.float64(10.75)), (np.float64(34.25), np.float64(34.75))]",False,False,[],,,,,,,,,,,,,,,
T_455,237.81,29.49,2026-11-06 05:47:15,False,False,[],False,False,[],False,False,[],,,,,,,,,,,,,,,
T_456,120.87,-34.97,2026-05-16 07:08:13,False,False,[],False,False,"[(np.float64(16.25), np.float64(18.75)), (np.float64(40.25), np.float64(42.5))]",False,False,[],,,,,,,,,,,,,,,
T_457,334.84,-37.17,2027-01-02 21:22:20,False,False,[],False,False,[],False,False,[],,,,,,,,,,,,,,,
T_458,271.93,77.18,2026-03-13 01:18:11,True,True,"[(np.float64(0.0), np.float64(1.0)), (np.float64(21.5), np.float64(25.0)), (np.float64(45.25), np.float64(48.0))]",False,False,[],False,False,"[(np.float64(5.75), np.float64(10.75)), (np.float64(29.75), np.float64(34.75))]",,,,,,,,,,,1.61,0.346,105.48,10.1,-33.78
T_459,260.57,46.7,2027-01-28 21:45:03,False,False,"[(np.float64(3.75), np.float64(5.25)), (np.float64(27.75), np.float64(29.25))]",False,False,[],False,False,"[(np.float64(13.25), np.float64(15.25)), (np.float64(37.25), np.float64(39.25))]",,,,,,,,,,,,,,,
T_460,22.76,4.6,2026-12-29 10:49:33,False,False,"[(np.float64(5.5), np.float64(9.5)), (np.float64(29.5), np.float64(33.5))]",False,False,"[(np.float64(14.75), np.float64(16.25)), (np.float64(38.75), np.float64(40.0))]",False,False,"[(np.float64(15.25), np.float64(19.25)), (np.float64(39.25), np.float64(43.25))]",,,,,,,,,,,,,,,
T_461,107.55,25.58,2026-06-20 20:33:13,False,False,[],False,False,[],False,False,[],,,,,,,,,,,,,,,
T_462,353.6,-55.37,2026-08-26 12:55:48,False,False,[],False,False,"[(np.float64(12.0), np.float64(20.75)), (np.float64(35.75), np.float64(44.75))]",False,False,[],,,,,,,,,,,,,,,
T_463,3.31,21.05,2026-03-07 12:32:20,False,False,[],False,False,[],False,False,[],,,,,,,,,,,,,,,
T_464,50.08,-10.51,2026-06-14 16:51:11,False,False,[],False,False,[],False,False,[],,,,,,,,,,,,,,,
T_465,136.47,-20.49,2027-01-09 14:03:07,False,False,"[(np.float64(7.25), np.float64(11.5)), (np.float64(31.25), np.float64(35.5))]",False,False,"[(np.float64(12.25), np.float64(18.25)), (np.float64(36.25), np.float64(42.25))]",False,False,"[(np.float64(17.75), np.float64(20.75)), (np.float64(41.75), np.float64(44.75))]",,,,,,,,,,,,,,,
T_466,144.25,-22.29,2026-09-26 15:41:45,False,False,[],False,False,[],False,False,[],,,,,,,,,,,,,,,
T_467,330.33,-42.4,2026-04-13 11:42:45,False,False,[],False,False,"[(np.float64(20.75), np.float64(21.75)), (np.float64(44.75), np.float64(45.75))]",False,False,[],,,,,,,,,,,,,,,
T_468,238.43,36.8,2026-03-15 11:26:20,False,False,"[(np.float64(9.75), np.float64(15.0)), (np.float64(33.75), np.float64(39.0))]",False,False,[],True,True,"[(np.float64(0.0), np.float64(0.75)), (np.float64(19.5), np.float64(24.75)), (np.float64(43.25), np.float64(48.0))]",1.004,0.143,91.55,-5.06,-27.38,,,,,,,,,,
T_469,187.1,-7.74,2026-05-05 10:28:57,False,False,"[(np.float64(7.5), np.float64(11.75)), (np.float64(31.5), np.float64(35.75))]",False,False,"[(np.float64(13.0), np.float64(19.75)), (np.float64(37.0), np.float64(43.5))]",False,False,"[(np.float64(17.5), np.float64(21.25)), (np.float64(41.5), np.float64(45.25))]",,,,,,,,,,,,,,,
T_470,146.48,-16.91,2026-09-20 21:38:43,False,False,[],False,False,[],False,False,[],,,,,,,,,,,,,,,
T_471,96.05,16.23,2026-08-04 22:46:18,False,False,[],False,False,[],False,False,[],,,,,,,,,,,,,,,
T_472,131.35,76.61,2027-01-13 14:30:42,False,False,"[(np.float64(2.75), np.float64(12.5)), (np.float64(26.75), np.float64(36.5))]",False,False,[],False,False,"[(np.float64(11.75), np.float64(22.5)), (np.float64(35.75), np.float64(46.5))]",,,,,,,,,,,,,,,
T_473,337.44,26.33,2026-10-28 22:13:24,True,True,"[(np.float64(0.0), np.float64(0.0)), (np.float64(18.25), np.float64(24.0)), (np.float64(42.25), np.float64(47.75))]",False,False,"[(np.float64(2.25), np.float64(4.0)), (np.float64(26.25), np.float64(27.75))]",False,False,"[(np.float64(4.0), np.float64(9.75)), (np.float64(28.0), np.float64(33.75))]",,,,,,,,,,,1.943,0.896,81.16,67.33,-69.73
T_474,13.16,-58.58,2026-06-05 22:22:28,False,False,[],False,False,"[(np.float64(9.0), np.float64(11.5)), (np.float64(33.0), np.float64(35.75))]",False,False,[],,,,,,,,,,,,,,,
T_475,328.87,59.4,2027-03-01 19:49:35,False,False,[],False,False,[],False,False,[],,,,,,,,,,,,,,,
T_476,219.57,27.77,2026-10-03 12:18:54,False,False,[],False,False,[],False,False,[],,,,,,,,,,,,,,,
T_477,187.7,-24.01,2026-12-08 05:02:03,False,False,[],False,False,"[(np.float64(2.75), np.float64(2.75)), (np.float64(26.5), np.float64(26.75))]",False,False,[],,,,,,,,,,,,,,,
T_478,154.49,-55.94,2026-03-27 15:49:05,False,False,[],False,False,"[(np.float64(8.5), np.float64(16.0)), (np.float64(32.25), np.float64(40.0))]",False,False,[],,,,,,,,,,,,,,,
T_479,80.28,42.07,2026-11-30 08:27:09,False,False,"[(np.float64(9.0), np.float64(18.25)), (np.float64(33.0), np.float64(42.25))]",False,False,[],True,True,"[(np.float64(0.0), np.float64(4.25)), (np.float64(18.5), np.float64(28.25)), (np.float64(42.5), np.float64(48.0))]",1.009,0.6,66.37,26.98,-69.57,,,,,,,,,,
T_480,288.56,11.82,2026-03-06 07:35:41,False,False,"[(np.float64(18.25), np.float64(19.0)), (np.float64(42.25), np.float64(43.0))]",False,False,[],False,False,"[(np.float64(4.25), np.float64(4.75)), (np.float64(28.0), np.float64(28.75))]",,,,,,,,,,,,,,,
T_481,321.56,-12.4,2027-01-14 01:57:54,False,False,[],False,False,[],False,False,[],,,,,,,,,,,,,,,
T_482,288.57,-17.11,2026-08-05 01:15:02,False,False,"[(np.float64(16.75), np.float64(21.25)), (np.float64(40.75), np.float64(45.0))]",True,True,"[(np.float64(0.0), np.float64(6.0)), (np.float64(22.5), np.float64(30.0)), (np.float64(46.5), np.float64(48.0))]",False,False,"[(np.float64(3.0), np.float64(6.5)), (np.float64(27.0), np.float64(30.5))]",,,,,,1.131,0.617,101.33,-37.56,-39.74,,,,,
T_483,91.05,36.87,2026-04-19 19:29:19,False,False,"[(np.float64(22.25), np.float64(23.0)), (np.float64(46.25), np.float64(47.0))]",False,False,[],False,False,"[(np.float64(8.25), np.float64(9.0)), (np.float64(32.25), np.float64(33.0))]",,,,,,,,,,,,,,,
T_484,354.35,43.99,2026-08-15 01:53:19,False,False,"[(np.float64(16.75), np.float64(23.75)), (np.float64(40.75), np.float64(47.75))]",False,False,[],False,False,"[(np.float64(2.5), np.float64(9.25)), (np.float64(26.25), np.float64(33.25))]",,,,,,,,,,,,,,,
T_485,281.57,-2.11,2026-08-10 22:07:06,True,True,"[(np.float64(0.0), np.float64(0.5)), (np.float64(19.75), np.float64(24.5)), (np.float64(43.75), np.float64(48.0))]",False,False,"[(np.float64(1.75), np.float64(7.75)), (np.float64(25.75), np.float64(31.75))]",False,False,"[(np.float64(6.0), np.float64(10.0)), (np.float64(30.0), np.float64(34.0))]",,,,,,,,,,,1.664,0.047,154.2,-29.14,-44.3
T_486,189.71,30.3,2027-02-22 23:29:19,True,True,"[(np.float64(0.0), np.float64(3.25)), (np.float64(20.0), np.float64(27.25)), (np.float64(44.0), np.float64(48.0))]",False,False,"[(np.float64(7.25), np.float64(8.25)), (np.float64(31.25), np.float64(32.0))]",False,False,"[(np.float64(5.75), np.float64(13.0)), (np.float64(29.75), np.float64(37.0))]",,,,,,,,,,,1.012,0.945,35.69,55.84,-59.96
T_487,125.33,-1.42,2027-02-20 00:34:45,False,False,"[(np.float64(16.5), np.float64(22.75)), (np.float64(40.5), np.float64(46.75))]",False,False,"[(np.float64(0.25), np.float64(6.25)), (np.float64(24.25), np.float64(30.0))]",False,False,"[(np.float64(2.25), np.float64(8.5)), (np.float64(26.25), np.float64(32.5))]",,,,,,,,,,,,,,,
T_488,196.32,39.78,2026-03-21 07:18:46,False,False,"[(np.float64(10.75), np.float64(19.0)), (np.float64(34.5), np.float64(43.0))]",False,False,[],True,True,"[(np.float64(0.0), np.float64(4.75)), (np.float64(20.25), np.float64(28.5)), (np.float64(44.25), np.float64(48.0))]",1.043,0.067,124.87,-33.07,-54.8,,,,,,,,,,
T_489,342.92,60.89,2026-12-09 22:48:34,False,False,"[(np.float64(17.5), np.float64(21.75)), (np.float64(41.5), np.float64(45.75))]",False,False,[],False,False,"[(np.float64(3.0), np.float64(8.0)), (np.float64(27.0), np.float64(32.0))]",,,,,,,,,,,,,,,
T_490,176.39,-15.62,2026-12-24 16:31:25,False,False,"[(np.float64(8.25), np.float64(10.5)), (np.float64(32.0), np.float64(34.5))]",False,False,"[(np.float64(13.5), np.float64(15.5)), (np.float64(37.5), np.float64(39.5))]",False,False,"[(np.float64(18.25), np.float64(20.5)), (np.float64(42.25), np.float64(44.5))]",,,,,,,,,,,,,,,
T_491,359.01,3.02,2026-12-05 07:45:39,False,False,"[(np.float64(8.5), np.float64(12.5)), (np.float64(32.5), np.float64(36.5))]",False,False,"[(np.float64(17.5), np.float64(19.25)), (np.float64(41.5), np.float64(43.25))]",False,False,"[(np.float64(18.0), np.float64(22.25)), (np.float64(42.0), np.float64(46.25))]",,,,,,,,,,,,,,,
T_492,329.75,-36.65,2027-01-02 15:55:38,False,False,[],False,False,[],False,False,[],,,,,,,,,,,,,,,
T_493,196.75,38.85,2026-10-27 11:26:00,False,False,[],False,False,[],False,False,[],,,,,,,,,,,,,,,
T_494,26.83,-4.69,2026-12-24 07:04:24,False,False,"[(np.float64(9.25), np.float64(13.5)), (np.float64(33.25), np.float64(37.5))]",False,False,"[(np.float64(18.25), np.float64(21.0)), (np.float64(42.25), np.float64(45.0))]",False,False,"[(np.float64(19.0), np.float64(23.0)), (np.float64(43.0), np.float64(47.0))]",,,,,,,,,,,,,,,
T_495,11.07,-17.89,2026-05-15 06:21:06,False,False,[],False,False,"[(np.float64(3.25), np.float64(3.5)), (np.float64(27.25), np.float64(27.5))]",False,False,[],,,,,,,,,,,,,,,
T_496,134.81,27.18,2027-02-02 04:49:00,False,False,"[(np.float64(12.5), np.float64(21.5)), (np.float64(36.5), np.float64(45.5))]",True,True,"[(np.float64(0.0), np.float64(1.5)), (np.float64(22.75), np.float64(25.25)), (np.float64(46.75), np.float64(48.0))]",True,True,"[(np.float64(0.0), np.float64(7.5)), (np.float64(22.25), np.float64(31.25)), (np.float64(46.0), np.float64(48.0))]",1.253,0.17,135.02,-79.96,-47.87,1.804,0.17,135.34,-16.71,-43.83,,,,,
T_497,281.32,63.23,2026-08-21 01:42:11,False,False,"[(np.float64(16.0), np.float64(22.0)), (np.float64(40.0), np.float64(46.0))]",False,False,[],False,False,"[(np.float64(2.0), np.float64(8.5)), (np.float64(26.0), np.float64(32.5))]",,,,,,,,,,,,,,,
T_498,298.97,5.86,2026-06-11 06:04:27,False,False,"[(np.float64(14.5), np.float64(18.75)), (np.float64(38.25), np.float64(42.75))]",True,True,"[(np.float64(0.0), np.float64(4.0)), (np.float64(22.0), np.float64(28.0)), (np.float64(46.0), np.float64(48.0))]",False,False,"[(np.float64(0.25), np.float64(4.25)), (np.float64(24.25), np.float64(28.25))]",,,,,,1.301,0.209,83.07,-18.68,-70.65,,,,,
T_499,287.24,-42.31,2026-09-04 20:11:37,False,False,[],False,False,"[(np.float64(3.75), np.float64(9.5)), (np.float64(27.75), np.float64(33.5))]",False,False,[],,,,,,,,,,,,,,,
T_500,195.65,68.01,2026-05-29 19:08:53,True,True,"[(np.float64(0.0), np.float64(4.5)), (np.float64(23.25), np.float64(28.5)), (np.float64(47.25), np.float64(48.0))]",False,False,[],False,False,"[(np.float64(9.25), np.float64(15.0)), (np.float64(33.25), np.float64(39.0))]",,,,,,,,,,,1.281,0.976,94.31,33.73,-27.14
T_501,169.5,-66.19,2026-06-20 21:07:20,False,False,[],False,False,"[(np.float64(2.25), np.float64(6.25)), (np.float64(26.25), np.float64(30.25))]",False,False,[],,,,,,,,,,,,,,,
T_502,109.81,78.49,2026-12-25 16:21:57,False,False,"[(np.float64(0.75), np.float64(10.75)), (np.float64(24.75), np.float64(34.75))]",False,False,[],False,False,"[(np.float64(9.75), np.float64(20.5)), (np.float64(33.75), np.float64(44.5))]",,,,,,,,,,,,,,,
T_503,278.18,3.22,2026-06-10 13:04:44,False,False,"[(np.float64(6.25), np.float64(11.75)), (np.float64(30.25), np.float64(35.75))]",False,False,"[(np.float64(13.5), np.float64(20.25)), (np.float64(37.5), np.float64(44.25))]",False,False,"[(np.float64(16.0), np.float64(21.25)), (np.float64(40.0), np.float64(45.25))]",,,,,,,,,,,,,,,
T_504,161.72,53.61,2027-01-08 14:04:53,False,False,"[(np.float64(6.0), np.float64(13.0)), (np.float64(30.0), np.float64(37.0))]",False,False,[],False,False,"[(np.float64(15.5), np.float64(23.0)), (np.float64(39.25), np.float64(47.0))]",,,,,,,,,,,,,,,
T_505,17.85,20.8,2026-08-06 16:05:07,False,False,"[(np.float64(5.5), np.float64(9.25)), (np.float64(29.5), np.float64(33.25))]",False,False,"[(np.float64(14.75), np.float64(17.75)), (np.float64(38.5), np.float64(41.75))]",False,False,"[(np.float64(15.25), np.float64(19.0)), (np.float64(39.0), np.float64(43.0))]",,,,,,,,,,,,,,,
T_506,167.95,9.69,2027-01-13 07:59:57,False,False,"[(np.float64(13.5), np.float64(19.0)), (np.float64(37.25), np.float64(43.0))]",True,True,"[(np.float64(0.0), np.float64(0.25)), (np.float64(21.25), np.float64(24.25)), (np.float64(45.25), np.float64(48.0))]",True,True,"[(np.float64(0.0), np.float64(5.0)), (np.float64(23.25), np.float64(29.0)), (np.float64(47.25), np.float64(48.0))]",1.557,0.253,170.41,-31.48,-75.7,1.292,0.253,169.35,-59.34,-21.93,,,,,
T_507,132.44,-23.4,2026-12-20 01:16:44,True,True,"[(np.float64(0.0), np.float64(1.0)), (np.float64(21.5), np.float64(25.0)), (np.float64(45.5), np.float64(48.0))]",False,False,"[(np.float64(2.0), np.float64(6.75)), (np.float64(26.0), np.float64(30.75))]",False,False,"[(np.float64(8.25), np.float64(10.0)), (np.float64(32.25), np.float64(34.0))]",,,,,,,,,,,1.719,0.784,109.61,-11.96,-41.0
T_508,27.6,-2.1,2026-03-18 16:26:06,False,False,[],False,False,[],False,False,[],,,,,,,,,,,,,,,
T_509,332.95,67.55,2026-11-02 04:40:52,False,False,"[(np.float64(11.75), np.float64(17.75)), (np.float64(35.75), np.float64(41.75))]",False,False,[],True,True,"[(np.float64(0.0), np.float64(4.5)), (np.float64(21.5), np.float64(28.25)), (np.float64(45.5), np.float64(48.0))]",1.241,0.463,94.6,-24.47,-50.92,,,,,,,,,,
T_510,73.38,21.9,2026-05-17 05:53:04,False,False,[],False,False,[],False,False,[],,,,,,,,,,,,,,,
T_511,3.03,-0.27,2026-12-19 03:21:55,False,False,"[(np.float64(13.0), np.float64(16.25)), (np.float64(37.0), np.float64(40.0))]",False,False,"[(np.float64(22.0), np.float64(23.25)), (np.float64(46.0), np.float64(47.25))]",True,True,"[(np.float64(0.0), np.float64(1.75)), (np.float64(22.5), np.float64(25.75)), (np.float64(46.5), np.float64(48.0))]",1.325,0.696,17.75,65.19,-36.72,,,,,,,,,,
T_512,9.77,-27.05,2027-02-05 05:55:06,False,False,[],False,False,[],False,False,[],,,,,,,,,,,,,,,
T_513,294.23,63.16,2026-06-18 23:14:50,True,True,"[(np.float64(0.0), np.float64(1.75)), (np.float64(19.25), np.float64(25.75)), (np.float64(43.25), np.float64(48.0))]",False,False,[],False,False,"[(np.float64(5.25), np.float64(11.0)), (np.float64(29.25), np.float64(35.0))]",,,,,,,,,,,1.196,0.202,98.88,-35.44,-31.99
T_514,246.2,37.95,2026-12-21 09:34:08,False,False,[],False,False,[],False,False,"[(np.float64(3.25), np.float64(3.25)), (np.float64(27.25), np.float64(27.25))]",,,,,,,,,,,,,,,
T_515,323.46,-25.4,2026-08-23 16:16:11,False,False,"[(np.float64(3.25), np.float64(6.25)), (np.float64(27.25), np.float64(30.25))]",False,False,"[(np.float64(7.5), np.float64(16.25)), (np.float64(31.5), np.float64(40.25))]",False,False,[],,,,,,,,,,,,,,,
T_516,243.12,-13.52,2026-06-08 06:34:42,False,False,"[(np.float64(11.75), np.float64(17.0)), (np.float64(35.75), np.float64(40.75))]",True,True,"[(np.float64(0.0), np.float64(1.25)), (np.float64(17.25), np.float64(25.25)), (np.float64(41.0), np.float64(48.0))]",True,True,"[(np.float64(0.0), np.float64(2.25)), (np.float64(22.0), np.float64(26.25)), (np.float64(46.0), np.float64(48.0))]",1.504,0.516,102.07,-14.09,-31.14,1.327,0.516,102.3,25.82,-63.95,,,,,
T_517,142.01,-33.75,2026-11-30 13:24:44,False,False,[],False,False,"[(np.float64(15.5), np.float64(18.5)), (np.float64(39.5), np.float64(42.5))]",False,False,[],,,,,,,,,,,,,,,
T_518,307.69,-27.99,2026-04-20 19:00:08,False,False,[],False,False,"[(np.float64(11.75), np.float64(14.75)), (np.float64(35.75), np.float64(38.75))]",False,False,[],,,,,,,,,,,,,,,
T_519,211.83,21.6,2026-12-17 11:46:11,False,False,"[(np.float64(14.0), np.float64(15.25)), (np.float64(37.75), np.float64(39.25))]",False,False,[],True,True,"[(np.float64(0.0), np.float64(1.0)), (np.float64(23.75), np.float64(25.0)), (np.float64(47.5), np.float64(48.0))]",1.733,0.527,138.68,-46.14,-32.37,,,,,,,,,,
T_520,203.08,34.72,2026-09-21 21:18:20,False,False,[],False,False,[],False,False,[],,,,,,,,,,,,,,,
T_521,251.74,40.2,2026-12-25 08:09:37,False,False,[],False,False,[],False,False,"[(np.float64(4.75), np.float64(4.75)), (np.float64(28.75), np.float64(28.75))]",,,,,,,,,,,,,,,
T_522,60.92,-51.72,2026-06-29 12:34:52,False,False,[],False,False,"[(np.float64(20.5), np.float64(21.5)), (np.float64(44.5), np.float64(45.5))]",False,False,[],,,,,,,,,,,,,,,
T_523,214.29,-66.12,2026-10-24 17:10:09,False,False,[],False,False,[],False,False,[],,,,,,,,,,,,,,,
T_524,154.43,1.08,2026-10-17 23:29:24,False,False,[],False,False,[],False,False,[],,,,,,,,,,,,,,,
T_525,137.43,-63.73,2026-06-19 06:56:46,False,False,[],False,False,"[(np.float64(16.5), np.float64(18.25)), (np.float64(40.5), np.float64(42.25))]",False,False,[],,,,,,,,,,,,,,,
T_526,17.7,3.43,2026-09-27 03:51:40,False,False,"[(np.float64(15.0), np.float64(22.25)), (np.float64(38.75), np.float64(46.25))]",True,True,"[(np.float64(0.0), np.float64(5.0)), (np.float64(22.25), np.float64(29.0)), (np.float64(46.25), np.float64(48.0))]",False,False,"[(np.float64(0.75), np.float64(8.0)), (np.float64(24.75), np.float64(32.0))]",,,,,,1.317,0.997,10.8,50.5,-57.51,,,,,
T_527,132.95,10.66,2026-06-24 17:36:44,False,False,[],False,False,[],False,False,[],,,,,,,,,,,,,,,
T_528,212.52,-57.02,2026-03-18 15:53:14,False,False,[],False,False,"[(np.float64(10.0), np.float64(17.5)), (np.float64(34.0), np.float64(41.5))]",False,False,[],,,,,,,,,,,,,,,
T_529,32.51,78.23,2026-07-19 01:22:23,False,False,"[(np.float64(21.0), np.float64(23.75)), (np.float64(45.0), np.float64(47.75))]",False,False,[],False,False,"[(np.float64(5.25), np.float64(9.25)), (np.float64(29.25), np.float64(33.25))]",,,,,,,,,,,,,,,
T_530,53.53,28.38,2026-05-02 01:07:45,False,False,[],False,False,[],False,False,[],,,,,,,,,,,,,,,
T_531,290.14,-8.82,2026-05-19 03:30:05,False,False,"[(np.float64(18.75), np.float64(21.5)), (np.float64(42.5), np.float64(45.5))]",False,False,"[(np.float64(1.0), np.float64(6.25)), (np.float64(24.75), np.float64(30.25))]",False,False,"[(np.float64(4.75), np.float64(7.0)), (np.float64(28.75), np.float64(31.0))]",,,,,,,,,,,,,,,
T_532,207.84,-7.84,2026-08-27 03:01:48,False,False,[],False,False,"[(np.float64(20.75), np.float64(21.0)), (np.float64(44.75), np.float64(45.0))]",False,False,[],,,,,,,,,,,,,,,
T_533,267.76,-82.23,2026-03-12 16:20:33,False,False,[],False,False,"[(np.float64(13.5), np.float64(17.0)), (np.float64(37.5), np.float64(41.0))]",False,False,[],,,,,,,,,,,,,,,
T_534,130.64,-20.23,2026-06-17 06:01:54,False,False,[],False,False,"[(np.float64(17.5), np.float64(18.0)), (np.float64(41.5), np.float64(42.0))]",False,False,[],,,,,,,,,,,,,,,
T_535,110.46,-18.52,2026-06-16 01:04:13,False,False,[],False,False,[],False,False,[],,,,,,,,,,,,,,,
T_536,58.13,13.98,2026-09-19 06:46:57,False,False,"[(np.float64(14.75), np.float64(19.25)), (np.float64(38.75), np.float64(43.25))]",True,True,"[(np.float64(0.0), np.float64(2.5)), (np.float64(23.25), np.float64(26.25)), (np.float64(47.0), np.float64(48.0))]",False,False,"[(np.float64(0.5), np.float64(5.0)), (np.float64(24.5), np.float64(29.0))]",,,,,,1.615,0.541,147.59,-8.66,-48.39,,,,,
T_537,229.85,19.31,2027-01-01 13:56:58,False,False,"[(np.float64(12.0), np.float64(13.0)), (np.float64(36.0), np.float64(37.0))]",False,False,[],False,False,"[(np.float64(21.75), np.float64(23.0)), (np.float64(45.75), np.float64(47.0))]",,,,,,,,,,,,,,,
T_538,323.48,54.23,2026-08-27 09:07:20,False,False,"[(np.float64(8.5), np.float64(16.5)), (np.float64(32.5), np.float64(40.5))]",False,False,[],True,True,"[(np.float64(0.0), np.float64(2.25)), (np.float64(18.5), np.float64(26.25)), (np.float64(42.5), np.float64(48.0))]",1.183,0.993,68.78,31.26,-39.52,,,,,,,,,,
T_539,106.12,-31.8,2026-12-25 23:14:50,False,False,[],False,False,"[(np.float64(2.25), np.float64(8.75)), (np.float64(26.25), np.float64(32.75))]",False,False,[],,,,,,,,,,,,,,,
T_540,242.79,-40.43,2026-10-24 05:16:23,False,False,[],False,False,[],False,False,[],,,,,,,,,,,,,,,
T_541,273.15,42.71,2026-03-07 13:19:21,False,False,"[(np.float64(10.5), np.float64(13.25)), (np.float64(34.5), np.float64(37.25))]",False,False,[],False,False,"[(np.float64(20.0), np.float64(23.0)), (np.float64(44.0), np.float64(47.0))]",,,,,,,,,,,,,,,
T_542,298.3,-42.88,2026-10-17 07:16:35,False,False,[],False,False,"[(np.float64(17.0), np.float64(20.5)), (np.float64(41.25), np.float64(44.5))]",False,False,[],,,,,,,,,,,,,,,
T_543,268.36,-31.19,2026-11-25 12:55:49,False,False,[],False,False,[],False,False,[],,,,,,,,,,,,,,,
T_544,102.9,61.86,2027-01-19 23:50:07,True,True,"[(np.float64(0.0), np.float64(2.0)), (np.float64(16.75), np.float64(26.0)), (np.float64(40.75), np.float64(48.0))]",False,False,[],False,False,"[(np.float64(2.5), np.float64(12.5)), (np.float64(26.5), np.float64(36.25))]",,,,,,,,,,,1.401,0.906,37.21,30.09,-61.33
T_545,150.27,-14.1,2027-01-25 06:38:01,False,False,"[(np.float64(14.0), np.float64(19.5)), (np.float64(38.0), np.float64(43.25))]",True,True,"[(np.float64(0.0), np.float64(1.75)), (np.float64(19.75), np.float64(26.0)), (np.float64(43.5), np.float64(48.0))]",False,False,"[(np.float64(0.25), np.float64(4.75)), (np.float64(24.25), np.float64(28.75)), (np.float64(48.0), np.float64(48.0))]",,,,,,1.036,0.893,23.55,53.96,-35.74,,,,,
T_546,31.6,41.42,2027-01-31 04:51:39,False,False,"[(np.float64(12.0), np.float64(15.0)), (np.float64(36.0), np.float64(39.0))]",False,False,[],True,True,"[(np.float64(0.0), np.float64(1.25)), (np.float64(21.5), np.float64(25.0)), (np.float64(45.75), np.float64(48.0))]",1.446,0.333,153.33,-59.86,-48.77,,,,,,,,,,
T_547,81.93,-21.78,2026-07-30 01:09:36,False,False,[],False,False,"[(np.float64(8.25), np.float64(8.75)), (np.float64(32.0), np.float64(32.75))]",False,False,[],,,,,,,,,,,,,,,
T_548,74.25,47.37,2026-06-02 13:04:00,False,False,[],False,False,[],False,False,[],,,,,,,,,,,,,,,
T_549,184.32,-21.91,2026-09-09 15:51:21,False,False,[],False,False,[],False,False,[],,,,,,,,,,,,,,,
T_550,299.26,46.52,2027-02-12 06:26:44,False,False,"[(np.float64(44.5), np.float64(44.5))]",False,False,[],False,False,"[(np.float64(6.25), np.float64(6.25)), (np.float64(30.0), np.float64(30.25))]",,,,,,,,,,,,,,,
T_551,209.51,24.52,2026-09-20 10:14:13,False,False,[],False,False,[],False,False,[],,,,,,,,,,,,,,,
T_552,238.7,-34.55,2026-12-31 03:54:32,False,False,[],False,False,[],False,False,[],,,,,,,,,,,,,,,
T_553,302.21,-22.09,2026-11-10 10:17:07,False,False,"[(np.float64(6.0), np.float64(6.25)), (np.float64(30.0), np.float64(30.0))]",False,False,"[(np.float64(14.5), np.float64(15.5)), (np.float64(38.5), np.float64(39.5))]",False,False,[],,,,,,,,,,,,,,,
T_554,112.63,-13.99,2026-07-09 17:07:04,False,False,[],False,False,[],False,False,[],,,,,,,,,,,,,,,
T_555,359.08,-6.58,2027-01-12 10:01:59,False,False,"[(np.float64(6.5), np.float64(7.25)), (np.float64(30.5), np.float64(31.25))]",False,False,[],False,False,"[(np.float64(16.25), np.float64(16.75)), (np.float64(40.25), np.float64(40.75))]",,,,,,,,,,,,,,,
T_556,127.49,-83.88,2026-12-22 07:18:19,False,False,[],True,True,"[(np.float64(0.0), np.float64(0.75)), (np.float64(18.5), np.float64(24.75)), (np.float64(42.5), np.float64(48.0))]",False,False,[],,,,,,1.732,0.952,114.03,4.15,-25.2,,,,,
T_557,224.69,43.69,2026-09-02 13:52:30,False,False,"[(np.float64(3.75), np.float64(5.0)), (np.float64(27.5), np.float64(28.75))]",False,False,[],False,False,"[(np.float64(13.5), np.float64(15.0)), (np.float64(37.5), np.float64(38.75))]",,,,,,,,,,,,,,,
T_558,46.55,54.37,2026-07-23 02:39:49,False,False,"[(np.float64(20.75), np.float64(22.5)), (np.float64(44.75), np.float64(46.5))]",False,False,[],False,False,"[(np.float64(6.25), np.float64(8.0)), (np.float64(30.25), np.float64(32.0))]",,,,,,,,,,,,,,,
T_559,67.27,-57.41,2026-09-09 02:40:50,False,False,[],False,False,"[(np.float64(2.25), np.float64(6.75)), (np.float64(26.0), np.float64(30.75))]",False,False,[],,,,,,,,,,,,,,,
T_560,330.31,-5.28,2026-06-24 22:48:49,True,True,"[(np.float64(0.0), np.float64(2.0)), (np.float64(23.25), np.float64(26.25)), (np.float64(47.25), np.float64(48.0))]",False,False,"[(np.float64(6.0), np.float64(11.25)), (np.float64(30.0), np.float64(35.25))]",False,False,"[(np.float64(9.5), np.float64(11.5)), (np.float64(33.25), np.float64(35.5))]",,,,,,,,,,,1.633,0.785,113.71,1.17,-34.23
T_561,162.67,0.63,2026-05-17 23:50:38,False,False,"[(np.float64(18.25), np.float64(20.5)), (np.float64(42.25), np.float64(44.5))]",True,True,"[(np.float64(0.0), np.float64(3.5)), (np.float64(23.5), np.float64(27.5)), (np.float64(47.5), np.float64(48.0))]",False,False,"[(np.float64(4.25), np.float64(6.25)), (np.float64(28.25), np.float64(30.0))]",,,,,,1.152,0.023,91.93,-14.79,-24.52,,,,,
T_562,333.06,-37.27,2026-03-18 15:49:47,False,False,[],False,False,[],False,False,[],,,,,,,,,,,,,,,
T_563,94.61,27.05,2026-12-15 00:47:27,True,True,"[(np.float64(0.0), np.float64(2.0)), (np.float64(17.0), np.float64(26.0)), (np.float64(41.0), np.float64(48.0))]",False,False,"[(np.float64(3.25), np.float64(6.0)), (np.float64(27.25), np.float64(30.0))]",False,False,"[(np.float64(2.75), np.float64(12.0)), (np.float64(26.75), np.float64(36.0))]",,,,,,,,,,,1.17,0.29,126.64,-64.59,-46.73
T_564,241.65,32.91,2026-07-15 08:22:50,False,False,"[(np.float64(10.0), np.float64(14.5)), (np.float64(34.0), np.float64(38.5))]",False,False,[],True,True,"[(np.float64(0.0), np.float64(0.5)), (np.float64(20.25), np.float64(24.5)), (np.float64(44.0), np.float64(48.0))]",1.672,0.014,97.03,-35.23,-32.53,,,,,,,,,,
T_565,345.33,64.0,2026-03-27 11:44:29,False,False,[],False,False,[],False,False,[],,,,,,,,,,,,,,,
T_566,64.4,-3.62,2026-10-27 00:12:06,True,True,"[(np.float64(0.0), np.float64(2.25)), (np.float64(20.0), np.float64(26.25)), (np.float64(44.0), np.float64(48.0))]",False,False,"[(np.float64(2.75), np.float64(8.25)), (np.float64(26.75), np.float64(32.25))]",False,False,"[(np.float64(6.0), np.float64(12.0)), (np.float64(30.0), np.float64(36.0))]",,,,,,,,,,,1.215,0.989,34.14,58.81,-47.47
T_567,119.22,2.7,2026-08-27 07:17:08,False,False,[],False,False,[],False,False,[],,,,,,,,,,,,,,,
T_568,237.27,66.4,2026-08-26 13:40:36,False,False,"[(np.float64(4.0), np.float64(7.0)), (np.float64(28.0), np.float64(30.75))]",False,False,[],False,False,"[(np.float64(14.0), np.float64(17.25)), (np.float64(38.0), np.float64(41.25))]",,,,,,,,,,,,,,,
T_569,219.86,4.37,2026-04-27 02:31:34,False,False,"[(np.float64(15.75), np.float64(23.0)), (np.float64(39.75), np.float64(47.0))]",True,True,"[(np.float64(0.0), np.float64(5.75)), (np.float64(23.25), np.float64(29.75)), (np.float64(47.0), np.float64(48.0))]",False,False,"[(np.float64(1.75), np.float64(8.5)), (np.float64(25.5), np.float64(32.5))]",,,,,,1.538,0.801,55.37,50.52,-56.42,,,,,
T_570,223.0,61.2,2026-09-02 16:36:29,False,False,"[(np.float64(1.0), np.float64(2.5)), (np.float64(25.0), np.float64(26.5))]",False,False,[],False,False,"[(np.float64(10.75), np.float64(12.75)), (np.float64(34.75), np.float64(36.75))]",,,,,,,,,,,,,,,
T_571,197.61,35.45,2026-08-31 05:53:09,False,False,[],False,False,[],False,False,[],,,,,,,,,,,,,,,
T_572,267.09,-41.3,2026-03-14 10:49:16,False,False,[],False,False,"[(np.float64(19.5), np.float64(22.5)), (np.float64(43.25), np.float64(46.5))]",False,False,[],,,,,,,,,,,,,,,
T_573,62.98,69.42,2026-04-23 09:36:16,False,False,[],False,False,[],False,False,"[(np.float64(18.25), np.float64(18.25)), (np.float64(42.25), np.float64(42.25))]",,,,,,,,,,,,,,,
T_574,216.35,26.06,2026-03-10 18:16:40,False,False,"[(np.float64(2.25), np.float64(8.25)), (np.float64(26.0), np.float64(32.25))]",False,False,"[(np.float64(12.0), np.float64(15.0)), (np.float64(36.0), np.float64(39.0))]",False,False,"[(np.float64(11.75), np.float64(18.0)), (np.float64(35.75), np.float64(42.0))]",,,,,,,,,,,,,,,
T_575,257.53,-74.18,2026-11-16 09:01:21,False,False,[],False,False,[],False,False,[],,,,,,,,,,,,,,,
T_576,230.64,49.82,2026-07-30 15:21:13,False,False,"[(np.float64(2.75), np.float64(6.25)), (np.float64(26.75), np.float64(30.25))]",False,False,[],False,False,"[(np.float64(13.0), np.float64(16.25)), (np.float64(37.0), np.float64(40.25))]",,,,,,,,,,,,,,,
T_577,63.43,46.68,2026-05-03 10:52:35,False,False,[],False,False,[],False,False,[],,,,,,,,,,,,,,,
T_578,206.98,40.76,2026-06-14 06:51:30,False,False,"[(np.float64(11.5), np.float64(16.0)), (np.float64(35.5), np.float64(39.75))]",False,False,[],True,True,"[(np.float64(0.0), np.float64(2.0)), (np.float64(21.75), np.float64(26.0)), (np.float64(45.75), np.float64(48.0))]",1.249,0.013,102.77,-28.93,-31.38,,,,,,,,,,
T_579,314.57,-6.85,2026-08-31 23:05:50,True,True,"[(np.float64(0.0), np.float64(0.0)), (np.float64(18.5), np.float64(24.0)), (np.float64(42.5), np.float64(48.0))]",False,False,"[(np.float64(0.75), np.float64(7.75)), (np.float64(24.75), np.float64(31.75))]",False,False,"[(np.float64(4.5), np.float64(9.5)), (np.float64(28.25), np.float64(33.5))]",,,,,,,,,,,1.885,0.845,69.33,65.04,-46.41
T_580,119.98,-36.06,2026-08-16 21:48:31,False,False,[],False,False,[],False,False,[],,,,,,,,,,,,,,,
T_581,247.3,56.35,2026-07-09 20:41:02,True,True,"[(np.float64(0.0), np.float64(3.5)), (np.float64(21.75), np.float64(27.5)), (np.float64(45.75), np.float64(48.0))]",False,False,[],False,False,"[(np.float64(8.0), np.float64(13.75)), (np.float64(32.0), np.float64(37.75))]",,,,,,,,,,,1.177,0.278,100.32,-19.01,-35.46
T_582,65.18,-16.93,2027-01-14 15:28:26,False,False,"[(np.float64(1.0), np.float64(5.5)), (np.float64(25.0), np.float64(29.25))]",False,False,"[(np.float64(10.0), np.float64(14.25)), (np.float64(34.0), np.float64(38.0))]",False,False,"[(np.float64(10.75), np.float64(14.75)), (np.float64(34.75), np.float64(38.75))]",,,,,,,,,,,,,,,
T_583,85.12,-48.75,2026-05-25 14:51:25,False,False,[],False,False,[],False,False,[],,,,,,,,,,,,,,,
T_584,185.27,1.65,2026-09-13 21:55:49,False,False,[],False,False,[],False,False,[],,,,,,,,,,,,,,,
T_585,294.85,14.35,2026-09-14 02:30:47,False,False,"[(np.float64(14.75), np.float64(19.25)), (np.float64(38.75), np.float64(43.25))]",True,True,"[(np.float64(0.0), np.float64(1.0)), (np.float64(21.5), np.float64(25.0)), (np.float64(45.5), np.float64(48.0))]",False,False,"[(np.float64(0.75), np.float64(5.25)), (np.float64(24.5), np.float64(29.0))]",,,,,,1.551,0.099,95.21,-15.02,-50.2,,,,,
T_586,78.38,-41.52,2027-01-14 17:05:07,False,False,[],False,False,"[(np.float64(8.25), np.float64(14.0)), (np.float64(32.25), np.float64(38.0))]",False,False,[],,,,,,,,,,,,,,,
T_587,278.7,19.42,2026-09-22 23:58:33,False,False,"[(np.float64(17.0), np.float64(20.5)), (np.float64(41.0), np.float64(44.25))]",True,True,"[(np.float64(0.0), np.float64(1.5)), (np.float64(24.25), np.float64(25.5))]",False,False,"[(np.float64(3.0), np.float64(6.25)), (np.float64(27.0), np.float64(30.25))]",,,,,,1.556,0.858,53.62,61.53,-18.03,,,,,
T_588,315.61,-55.24,2026-03-11 22:07:13,False,False,[],False,False,"[(np.float64(35.25), np.float64(35.25))]",False,False,[],,,,,,,,,,,,,,,
T_589,275.58,-69.73,2026-08-07 17:54:44,False,False,[],False,False,"[(np.float64(5.75), np.float64(13.5)), (np.float64(29.75), np.float64(37.5))]",False,False,[],,,,,,,,,,,,,,,
T_590,285.88,-62.2,2026-08-10 18:26:05,False,False,[],False,False,"[(np.float64(5.25), np.float64(13.25)), (np.float64(29.25), np.float64(37.25))]",False,False,[],,,,,,,,,,,,,,,
T_591,149.58,-53.25,2026-09-22 14:09:39,False,False,[],False,False,[],False,False,[],,,,,,,,,,,,,,,
T_592,329.88,-54.13,2026-12-05 10:22:19,False,False,[],False,False,"[(np.float64(14.75), np.float64(16.5)), (np.float64(38.75), np.float64(40.5))]",False,False,[],,,,,,,,,,,,,,,
T_593,103.69,-2.55,2026-08-27 23:14:04,False,False,[],False,False,"[(np.float64(10.25), np.float64(10.25)), (np.float64(34.25), np.float64(34.25))]",False,False,[],,,,,,,,,,,,,,,
T_594,168.49,56.54,2027-01-09 03:09:52,True,True,"[(np.float64(0.0), np.float64(0.0)), (np.float64(17.25), np.float64(24.0)), (np.float64(41.25), np.float64(48.0))]",False,False,[],False,False,"[(np.float64(2.75), np.float64(9.75)), (np.float64(26.5), np.float64(33.75))]",,,,,,,,,,,1.161,0.015,132.99,-31.55,-18.49
T_595,140.22,66.21,2026-03-13 22:59:08,True,True,"[(np.float64(0.0), np.float64(2.0)), (np.float64(18.25), np.float64(26.0)), (np.float64(42.25), np.float64(48.0))]",False,False,[],False,False,"[(np.float64(4.0), np.float64(12.5)), (np.float64(28.0), np.float64(36.5))]",,,,,,,,,,,1.47,0.265,136.62,-23.59,-57.96
T_596,81.82,17.62,2027-02-25 01:39:50,False,False,"[(np.float64(15.5), np.float64(19.25)), (np.float64(39.5), np.float64(43.25))]",True,True,"[(np.float64(0.0), np.float64(0.75)), (np.float64(23.25), np.float64(24.5)), (np.float64(47.25), np.float64(48.0))]",False,False,"[(np.float64(1.25), np.float64(5.25)), (np.float64(25.25), np.float64(29.0))]",,,,,,1.682,0.798,126.81,1.05,-29.08,,,,,
T_597,35.47,-7.5,2027-01-15 20:30:16,False,False,"[(np.float64(20.0), np.float64(23.0)), (np.float64(44.0), np.float64(47.0))]",False,False,"[(np.float64(5.0), np.float64(6.75)), (np.float64(29.0), np.float64(30.75))]",False,False,"[(np.float64(5.75), np.float64(8.5)), (np.float64(29.75), np.float64(32.5))]",,,,,,,,,,,,,,,
T_598,311.88,25.98,2026-11-12 10:29:12,False,False,"[(np.float64(5.75), np.float64(9.0)), (np.float64(29.75), np.float64(33.0))]",False,False,[],False,False,"[(np.float64(15.5), np.float64(18.75)), (np.float64(39.5), np.float64(42.75))]",,,,,,,,,,,,,,,
T_599,143.94,32.78,2027-02-21 18:49:05,True,True,"[(np.float64(0.0), np.float64(7.0)), (np.float64(22.25), np.float64(31.0)), (np.float64(46.25), np.float64(48.0))]",False,False,[],False,False,"[(np.float64(8.0), np.float64(17.0)), (np.float64(32.0), np.float64(40.75))]",,,,,,,,,,,1.159,0.99,34.68,30.86,-42.93
T_600,322.11,64.94,2026-04-08 11:52:21,False,False,"[(np.float64(12.75), np.float64(14.0)), (np.float64(36.75), np.float64(38.0))]",False,False,[],False,False,"[(np.float64(21.75), np.float64(23.5)), (np.float64(45.75), np.float64(47.5))]",,,,,,,,,,,,,,,
T_601,295.24,10.08,2026-08-25 14:43:28,False,False,"[(np.float64(3.0), np.float64(8.25)), (np.float64(27.0), np.float64(32.25))]",False,False,"[(np.float64(9.25), np.float64(14.5)), (np.float64(33.25), np.float64(38.25))]",False,False,"[(np.float64(13.0), np.float64(18.0)), (np.float64(37.0), np.float64(42.0))]",,,,,,,,,,,,,,,
T_602,311.0,-14.05,2027-01-19 22:40:54,False,False,[],False,False,[],False,False,[],,,,,,,,,,,,,,,
T_603,17.41,2.67,2026-12-26 23:47:02,False,False,"[(np.float64(16.5), np.float64(20.25)), (np.float64(40.5), np.float64(44.25))]",False,False,"[(np.float64(1.75), np.float64(3.25)), (np.float64(25.75), np.float64(27.0))]",False,False,"[(np.float64(2.25), np.float64(6.0)), (np.float64(26.25), np.float64(30.0))]",,,,,,,,,,,,,,,
T_604,223.08,-5.14,2026-04-10 20:42:50,True,True,"[(np.float64(0.0), np.float64(5.0)), (np.float64(23.25), np.float64(29.0)), (np.float64(47.25), np.float64(48.0))]",False,False,"[(np.float64(5.75), np.float64(12.75)), (np.float64(29.75), np.float64(36.75))]",False,False,"[(np.float64(9.25), np.float64(14.75)), (np.float64(33.25), np.float64(38.75))]",,,,,,,,,,,1.593,0.437,77.42,-34.36,-49.29
T_605,36.39,-13.06,2026-03-11 10:11:52,False,False,[],False,False,[],False,False,[],,,,,,,,,,,,,,,
T_606,231.67,52.35,2027-01-19 04:56:44,False,False,"[(np.float64(19.0), np.float64(22.25)), (np.float64(43.0), np.float64(46.25))]",False,False,[],False,False,"[(np.float64(4.5), np.float64(8.0)), (np.float64(28.5), np.float64(32.0))]",,,,,,,,,,,,,,,
T_607,350.23,11.91,2027-02-11 05:24:23,False,False,[],False,False,[],False,False,[],,,,,,,,,,,,,,,
T_608,140.24,-0.64,2027-01-12 21:56:48,True,True,"[(np.float64(0.0), np.float64(5.0)), (np.float64(22.0), np.float64(29.0)), (np.float64(46.0), np.float64(48.0))]",False,False,"[(np.float64(5.0), np.float64(10.25)), (np.float64(29.0), np.float64(34.25))]",False,False,"[(np.float64(8.0), np.float64(14.75)), (np.float64(32.0), np.float64(38.5))]",,,,,,,,,,,1.277,0.218,153.0,-34.81,-81.3
T_609,242.42,-5.76,2026-09-12 22:45:16,False,False,"[(np.float64(18.5), np.float64(18.75)), (np.float64(42.5), np.float64(42.75))]",False,False,"[(np.float64(1.25), np.float64(2.5)), (np.float64(25.25), np.float64(26.5))]",False,False,"[(np.float64(4.5), np.float64(4.5))]",,,,,,,,,,,,,,,
T_610,344.1,-10.01,2026-10-14 03:47:00,False,False,"[(np.float64(12.75), np.float64(18.25)), (np.float64(36.75), np.float64(42.25))]",True,True,"[(np.float64(0.0), np.float64(2.25)), (np.float64(20.5), np.float64(26.25)), (np.float64(44.5), np.float64(48.0))]",True,True,"[(np.float64(0.0), np.float64(3.75)), (np.float64(22.75), np.float64(27.75)), (np.float64(46.5), np.float64(48.0))]",1.476,0.122,100.74,-14.72,-35.94,1.153,0.122,100.9,-18.49,-51.28,,,,,
T_611,306.19,-74.13,2026-05-16 22:01:15,False,False,[],False,False,"[(np.float64(6.0), np.float64(11.75)), (np.float64(30.0), np.float64(35.75))]",False,False,[],,,,,,,,,,,,,,,
T_612,219.26,20.79,2026-03-24 01:38:09,True,True,"[(np.float64(0.0), np.float64(0.5)), (np.float64(18.25), np.float64(24.5)), (np.float64(42.25), np.float64(48.0))]",False,False,"[(np.float64(3.5), np.float64(7.75)), (np.float64(27.25), np.float64(31.75))]",False,False,"[(np.float64(4.0), np.float64(10.25)), (np.float64(28.0), np.float64(34.25))]",,,,,,,,,,,1.075,0.306,125.57,-33.23,-26.55
T_613,284.12,3.22,2026-08-10 07:12:10,False,False,"[(np.float64(10.75), np.float64(15.75)), (np.float64(34.75), np.float64(39.75))]",False,False,"[(np.float64(16.5), np.float64(22.5)), (np.float64(40.5), np.float64(46.5))]",True,True,"[(np.float64(0.0), np.float64(1.5)), (np.float64(20.75), np.float64(25.5)), (np.float64(44.75), np.float64(48.0))]",1.355,0.083,151.11,-23.89,-39.5,,,,,,,,,,
T_614,334.5,33.36,2027-02-19 12:36:02,False,False,[],False,False,[],False,False,[],,,,,,,,,,,,,,,
T_615,104.14,15.06,2026-12-17 10:43:03,False,False,"[(np.float64(8.0), np.float64(16.25)), (np.float64(32.0), np.float64(40.25))]",False,False,"[(np.float64(16.5), np.float64(21.25)), (np.float64(40.5), np.float64(45.25))]",True,True,"[(np.float64(0.0), np.float64(2.0)), (np.float64(17.75), np.float64(26.0)), (np.float64(41.75), np.float64(48.0))]",1.203,0.523,107.1,-37.11,-45.3,,,,,,,,,,
T_616,53.14,-64.24,2026-08-27 14:19:36,False,False,[],False,False,"[(np.float64(14.25), np.float64(19.25)), (np.float64(38.25), np.float64(43.25))]",False,False,[],,,,,,,,,,,,,,,
T_617,189.59,-38.13,2026-08-17 22:57:13,False,False,[],False,False,"[(np.float64(0.75), np.float64(1.5)), (np.float64(24.75), np.float64(25.25))]",False,False,[],,,,,,,,,,,,,,,
T_618,186.25,-6.11,2026-06-04 17:44:47,False,False,"[(np.float64(0.5), np.float64(2.75)), (np.float64(24.5), np.float64(26.5))]",False,False,"[(np.float64(5.75), np.float64(10.25)), (np.float64(29.75), np.float64(34.25))]",False,False,"[(np.float64(10.75), np.float64(12.25)), (np.float64(34.75), np.float64(36.25))]",,,,,,,,,,,,,,,
T_619,53.01,-6.63,2026-03-31 05:56:26,False,False,[],False,False,[],False,False,[],,,,,,,,,,,,,,,
T_620,240.1,35.5,2027-02-03 10:17:17,False,False,"[(np.float64(13.75), np.float64(16.75)), (np.float64(37.75), np.float64(40.75))]",False,False,[],True,True,"[(np.float64(0.0), np.float64(2.5)), (np.float64(23.25), np.float64(26.5)), (np.float64(47.25), np.float64(48.0))]",1.614,0.092,73.3,-26.73,-50.63,,,,,,,,,,
T_621,49.37,-84.52,2027-02-09 18:57:54,False,False,[],False,False,"[(np.float64(6.25), np.float64(9.0)), (np.float64(30.25), np.float64(32.75))]",False,False,[],,,,,,,,,,,,,,,
T_622,20.63,65.77,2027-01-24 03:39:14,False,False,"[(np.float64(13.0), np.float64(16.5)), (np.float64(37.0), np.float64(40.5))]",False,False,[],True,True,"[(np.float64(0.0), np.float64(3.0)), (np.float64(22.75), np.float64(27.0)), (np.float64(46.75), np.float64(48.0))]",1.322,0.961,93.91,11.87,-35.24,,,,,,,,,,
T_623,104.03,17.68,2027-01-08 02:05:56,False,False,"[(np.float64(15.0), np.float64(23.5)), (np.float64(39.0), np.float64(47.5))]",True,True,"[(np.float64(0.0), np.float64(4.75)), (np.float64(24.0), np.float64(28.75)), (np.float64(47.75), np.float64(48.0))]",False,False,"[(np.float64(1.0), np.float64(9.25)), (np.float64(24.75), np.float64(33.25))]",,,,,,1.915,0.001,170.83,-22.4,-25.18,,,,,
T_624,216.16,-18.8,2026-08-10 05:52:58,False,False,[],False,False,"[(np.float64(17.75), np.float64(20.25)), (np.float64(42.0), np.float64(44.25))]",False,False,[],,,,,,,,,,,,,,,
T_625,292.1,-80.97,2026-04-07 03:40:37,False,False,[],False,False,"[(np.float64(2.25), np.float64(5.75)), (np.float64(26.0), np.float64(29.75))]",False,False,[],,,,,,,,,,,,,,,
T_626,26.06,-39.46,2026-03-10 06:02:25,False,False,[],False,False,[],False,False,[],,,,,,,,,,,,,,,
T_627,54.25,-2.74,2026-10-11 05:24:59,False,False,"[(np.float64(15.25), np.float64(20.75)), (np.float64(39.0), np.float64(44.75))]",True,True,"[(np.float64(0.0), np.float64(3.25)), (np.float64(22.0), np.float64(27.25)), (np.float64(45.75), np.float64(48.0))]",False,False,"[(np.float64(1.25), np.float64(6.5)), (np.float64(25.0), np.float64(30.5))]",,,,,,1.224,0.005,143.58,-47.0,-51.36,,,,,
T_628,205.91,8.34,2026-09-29 08:25:48,False,False,[],False,False,[],False,False,[],,,,,,,,,,,,,,,
T_629,207.28,24.83,2026-08-24 16:01:47,False,False,"[(np.float64(1.75), np.float64(1.75)), (np.float64(25.75), np.float64(25.75))]",False,False,[],False,False,"[(np.float64(35.5), np.float64(35.5))]",,,,,,,,,,,,,,,
T_630,52.63,31.4,2026-08-25 08:11:35,False,False,"[(np.float64(14.0), np.float64(17.5)), (np.float64(38.0), np.float64(41.5))]",False,False,[],True,True,"[(np.float64(0.0), np.float64(3.0)), (np.float64(23.75), np.float64(27.0)), (np.float64(47.75), np.float64(48.0))]",1.795,0.921,119.48,18.87,-43.45,,,,,,,,,,
T_631,236.91,-60.54,2026-06-16 02:08:13,False,False,[],True,True,"[(np.float64(0.0), np.float64(6.0)), (np.float64(21.25), np.float64(30.0)), (np.float64(45.25), np.float64(48.0))]",False,False,[],,,,,,1.184,0.016,136.59,-43.36,-54.85,,,,,
T_632,197.22,-14.73,2027-02-20 23:23:23,True,True,"[(np.float64(0.0), np.float64(3.5)), (np.float64(22.75), np.float64(27.5)), (np.float64(46.75), np.float64(48.0))]",False,False,"[(np.float64(4.25), np.float64(9.5)), (np.float64(28.25), np.float64(33.5))]",False,False,"[(np.float64(9.0), np.float64(13.25)), (np.float64(32.75), np.float64(37.25))]",,,,,,,,,,,1.533,1.0,50.1,60.06,-61.54
T_633,138.09,46.2,2027-01-10 07:37:34,False,False,"[(np.float64(11.0), np.float64(19.5)), (np.float64(35.0), np.float64(43.5))]",False,False,[],True,True,"[(np.float64(0.0), np.float64(5.25)), (np.float64(20.5), np.float64(29.25)), (np.float64(44.25), np.float64(48.0))]",1.085,0.054,150.45,-60.13,-77.21,,,,,,,,,,
T_634,288.98,-40.38,2027-01-14 02:57:49,False,False,[],False,False,[],False,False,[],,,,,,,,,,,,,,,
T_635,150.84,-21.39,2026-04-02 05:57:49,False,False,"[(np.float64(11.5), np.float64(15.0)), (np.float64(35.5), np.float64(39.0))]",True,True,"[(np.float64(0.0), np.float64(0.5)), (np.float64(18.0), np.float64(24.5)), (np.float64(42.0), np.float64(48.0))]",True,True,"[(np.float64(0.0), np.float64(0.25)), (np.float64(21.5), np.float64(24.25)), (np.float64(45.5), np.float64(48.0))]",1.918,0.999,41.46,40.65,-44.7,1.646,0.999,41.32,63.17,-60.42,,,,,
T_636,49.47,10.36,2026-10-16 15:22:49,False,False,"[(np.float64(4.0), np.float64(11.0)), (np.float64(28.0), np.float64(35.0))]",False,False,"[(np.float64(12.0), np.float64(17.25)), (np.float64(36.0), np.float64(41.25))]",False,False,"[(np.float64(13.75), np.float64(20.75)), (np.float64(37.75), np.float64(44.75))]",,,,,,,,,,,,,,,
T_637,217.54,-37.26,2026-12-03 03:41:50,False,False,[],False,False,[],False,False,[],,,,,,,,,,,,,,,
T_638,242.54,-14.78,2026-06-14 18:28:43,True,True,"[(np.float64(0.0), np.float64(4.5)), (np.float64(24.0), np.float64(28.5)), (np.float64(48.0), np.float64(48.0))]",False,False,"[(np.float64(5.0), np.float64(13.0)), (np.float64(29.0), np.float64(37.0))]",False,False,"[(np.float64(10.0), np.float64(13.75)), (np.float64(34.0), np.float64(37.75))]",,,,,,,,,,,1.632,0.004,162.41,-20.61,-19.6
T_639,206.12,3.32,2027-01-18 05:07:48,False,False,"[(np.float64(18.75), np.float64(22.0)), (np.float64(42.75), np.float64(46.0))]",False,False,"[(np.float64(2.25), np.float64(3.25)), (np.float64(26.0), np.float64(27.25))]",False,False,"[(np.float64(4.75), np.float64(7.75)), (np.float64(28.5), np.float64(31.75))]",,,,,,,,,,,,,,,
T_640,232.13,49.88,2026-11-20 03:41:49,False,False,[],False,False,[],False,False,[],,,,,,,,,,,,,,,
T_641,40.94,-39.72,2026-11-30 11:25:50,False,False,[],False,False,"[(np.float64(13.75), np.float64(20.25)), (np.float64(37.75), np.float64(44.0))]",False,False,[],,,,,,,,,,,,,,,
T_642,329.13,-16.02,2026-11-27 17:29:14,True,True,"[(np.float64(0.0), np.float64(0.25)), (np.float64(22.75), np.float64(24.25)), (np.float64(46.75), np.float64(48.0))]",False,False,"[(np.float64(7.5), np.float64(9.0)), (np.float64(31.5), np.float64(32.75))]",False,False,"[(np.float64(8.5), np.float64(9.5)), (np.float64(32.5), np.float64(33.5))]",,,,,,,,,,,1.821,0.862,143.93,-2.15,-36.15
T_643,284.47,-47.97,2026-07-12 06:48:06,False,False,[],True,True,"[(np.float64(0.0), np.float64(2.5)), (np.float64(16.75), np.float64(26.5)), (np.float64(40.75), np.float64(48.0))]",False,False,[],,,,,,1.201,0.069,152.09,-36.33,-62.17,,,,,
T_644,33.66,11.13,2026-07-23 07:01:46,False,False,"[(np.float64(16.75), np.float64(18.25)), (np.float64(40.75), np.float64(42.25))]",False,False,"[(np.float64(1.0), np.float64(3.0)), (np.float64(25.0), np.float64(27.0))]",False,False,"[(np.float64(2.75), np.float64(3.75)), (np.float64(26.5), np.float64(27.75))]",,,,,,,,,,,,,,,
T_645,108.41,75.35,2027-01-30 09:44:26,False,False,"[(np.float64(7.0), np.float64(16.25)), (np.float64(31.0), np.float64(40.0))]",False,False,[],True,True,"[(np.float64(0.0), np.float64(3.25)), (np.float64(16.75), np.float64(27.0)), (np.float64(40.75), np.float64(48.0))]",1.487,0.408,120.03,5.67,-57.52,,,,,,,,,,
T_646,211.86,-2.84,2026-09-29 01:12:22,False,False,[],False,False,[],False,False,[],,,,,,,,,,,,,,,
T_647,316.68,15.57,2027-01-21 13:09:36,False,False,[],False,False,[],False,False,[],,,,,,,,,,,,,,,
T_648,274.05,6.07,2026-03-05 03:13:59,False,False,"[(np.float64(22.0), np.float64(23.25)), (np.float64(46.0), np.float64(47.25))]",False,False,"[(np.float64(5.75), np.float64(6.0)), (np.float64(29.5), np.float64(30.0))]",False,False,"[(np.float64(8.0), np.float64(9.0)), (np.float64(31.75), np.float64(33.0))]",,,,,,,,,,,,,,,
T_649,284.75,44.48,2026-03-19 09:41:12,False,False,"[(np.float64(14.25), np.float64(16.5)), (np.float64(38.25), np.float64(40.5))]",False,False,[],True,True,"[(np.float64(0.0), np.float64(2.25)), (np.float64(23.75), np.float64(26.25)), (np.float64(47.5), np.float64(48.0))]",1.796,0.002,79.27,-44.26,-44.79,,,,,,,,,,
T_650,260.78,52.36,2026-05-28 07:13:02,False,False,"[(np.float64(11.0), np.float64(17.75)), (np.float64(35.0), np.float64(41.75))]",False,False,[],True,True,"[(np.float64(0.0), np.float64(3.25)), (np.float64(21.25), np.float64(27.25)), (np.float64(45.25), np.float64(48.0))]",1.079,0.915,82.83,29.09,-33.72,,,,,,,,,,
T_651,271.64,30.25,2026-05-14 19:41:17,True,True,"[(np.float64(0.0), np.float64(5.5)), (np.float64(24.0), np.float64(29.5)), (np.float64(48.0), np.float64(48.0))]",False,False,"[(np.float64(11.25), np.float64(12.0)), (np.float64(35.25), np.float64(36.0))]",False,False,"[(np.float64(9.75), np.float64(15.0)), (np.float64(33.5), np.float64(39.0))]",,,,,,,,,,,1.921,0.061,100.59,-47.06,-33.89
T_652,56.36,-56.28,2026-09-08 12:29:23,False,False,[],False,False,"[(np.float64(15.75), np.float64(21.0)), (np.float64(39.5), np.float64(44.75))]",False,False,[],,,,,,,,,,,,,,,
T_653,211.19,3.26,2026-10-20 08:25:28,False,False,[],False,False,[],False,False,[],,,,,,,,,,,,,,,
T_654,225.31,-34.81,2026-08-04 07:22:07,False,False,[],False,False,"[(np.float64(16.25), np.float64(20.25)), (np.float64(40.25), np.float64(44.0))]",False,False,[],,,,,,,,,,,,,,,
T_655,33.58,38.36,2026-12-20 05:18:33,False,False,"[(np.float64(11.0), np.float64(17.5)), (np.float64(35.0), np.float64(41.5))]",False,False,[],True,True,"[(np.float64(0.0), np.float64(3.5)), (np.float64(20.75), np.float64(27.5)), (np.float64(44.75), np.float64(48.0))]",1.055,0.799,21.16,61.19,-60.43,,,,,,,,,,
T_656,140.68,54.97,2027-01-13 14:47:37,False,False,"[(np.float64(3.5), np.float64(12.25)), (np.float64(27.5), np.float64(36.25))]",False,False,[],False,False,"[(np.float64(13.0), np.float64(22.25)), (np.float64(36.75), np.float64(46.25))]",,,,,,,,,,,,,,,
T_657,112.77,14.99,2026-12-21 02:56:25,True,True,"[(np.float64(0.0), np.float64(0.0)), (np.float64(16.0), np.float64(24.0)), (np.float64(40.0), np.float64(48.0))]",False,False,"[(np.float64(0.75), np.float64(5.0)), (np.float64(24.5), np.float64(29.0))]",False,False,"[(np.float64(2.0), np.float64(10.0)), (np.float64(26.0), np.float64(34.0))]",,,,,,,,,,,1.665,0.875,66.19,-16.58,-19.97
T_658,219.0,-32.13,2026-07-24 07:07:24,False,False,[],False,False,"[(np.float64(16.5), np.float64(20.75)), (np.float64(40.5), np.float64(44.5))]",False,False,[],,,,,,,,,,,,,,,
T_659,179.31,79.09,2026-04-22 02:57:13,False,False,"[(np.float64(14.75), np.float64(22.25)), (np.float64(38.75), np.float64(46.25))]",False,False,[],False,False,"[(np.float64(0.75), np.float64(8.25)), (np.float64(24.75), np.float64(32.25))]",,,,,,,,,,,,,,,
T_660,20.14,27.98,2026-11-05 07:10:22,False,False,"[(np.float64(9.25), np.float64(17.25)), (np.float64(33.25), np.float64(41.25))]",False,False,"[(np.float64(18.75), np.float64(21.0)), (np.float64(42.75), np.float64(45.0))]",True,True,"[(np.float64(0.0), np.float64(3.25)), (np.float64(18.75), np.float64(27.25)), (np.float64(42.75), np.float64(48.0))]",1.052,0.16,144.17,-36.65,-70.96,,,,,,,,,,
T_661,232.4,6.9,2027-01-13 09:13:00,False,False,"[(np.float64(16.5), np.float64(17.75)), (np.float64(40.5), np.float64(41.75))]",False,False,[],False,False,"[(np.float64(2.5), np.float64(3.75)), (np.float64(26.5), np.float64(27.75))]",,,,,,,,,,,,,,,
T_662,354.68,45.45,2026-09-04 11:50:18,False,False,"[(np.float64(5.75), np.float64(14.0)), (np.float64(29.5), np.float64(38.0))]",False,False,[],False,False,"[(np.float64(15.5), np.float64(23.75)), (np.float64(39.5), np.float64(47.75))]",,,,,,,,,,,,,,,
T_663,19.53,-41.45,2026-06-02 05:20:54,False,False,[],False,False,"[(np.float64(3.25), np.float64(4.5)), (np.float64(27.0), np.float64(28.75))]",False,False,[],,,,,,,,,,,,,,,
T_664,45.44,45.35,2026-08-13 07:44:13,False,False,"[(np.float64(14.5), np.float64(17.75)), (np.float64(38.5), np.float64(41.75))]",False,False,[],True,True,"[(np.float64(0.0), np.float64(3.25)), (np.float64(24.0), np.float64(27.25)), (np.float64(48.0), np.float64(48.0))]",1.968,0.005,91.94,-43.65,-40.55,,,,,,,,,,
T_665,112.13,-19.65,2027-01-17 00:28:41,False,False,"[(np.float64(18.75), np.float64(23.0)), (np.float64(42.5), np.float64(47.0))]",False,False,"[(np.float64(1.0), np.float64(7.75)), (np.float64(25.0), np.float64(32.0))]",False,False,"[(np.float64(5.0), np.float64(8.25)), (np.float64(29.0), np.float64(32.25))]",,,,,,,,,,,,,,,
T_666,162.31,40.83,2027-01-17 02:08:56,True,True,"[(np.float64(0.0), np.float64(1.0)), (np.float64(17.75), np.float64(25.0)), (np.float64(41.75), np.float64(48.0))]",False,False,[],False,False,"[(np.float64(3.25), np.float64(10.75)), (np.float64(27.25), np.float64(34.75))]",,,,,,,,,,,1.064,0.634,101.04,-30.45,-31.49
T_667,218.74,-58.7,2026-09-09 22:41:41,False,False,[],False,False,"[(np.float64(1.25), np.float64(2.5)), (np.float64(25.25), np.float64(26.5))]",False,False,[],,,,,,,,,,,,,,,
T_668,161.36,41.28,2026-07-03 08:16:09,False,False,"[(np.float64(10.25), np.float64(10.25)), (np.float64(34.25), np.float64(34.25))]",False,False,[],False,False,"[(np.float64(20.25), np.float64(20.25)), (np.float64(44.25), np.float64(44.25))]",,,,,,,,,,,,,,,
T_669,152.37,15.57,2026-08-23 04:25:18,False,False,[],False,False,[],False,False,[],,,,,,,,,,,,,,,
T_670,32.72,28.77,2026-08-05 11:40:07,False,False,"[(np.float64(10.75), np.float64(13.75)), (np.float64(34.5), np.float64(37.75))]",False,False,"[(np.float64(21.25), np.float64(22.25)), (np.float64(45.25), np.float64(46.25))]",False,False,"[(np.float64(20.25), np.float64(23.25)), (np.float64(44.25), np.float64(47.25))]",,,,,,,,,,,,,,,
T_671,24.24,3.12,2026-05-31 20:55:44,False,False,[],False,False,[],False,False,[],,,,,,,,,,,,,,,
T_672,42.07,26.72,2026-12-03 22:43:48,True,True,"[(np.float64(0.0), np.float64(1.5)), (np.float64(17.5), np.float64(25.25)), (np.float64(41.5), np.float64(48.0))]",False,False,"[(np.float64(2.5), np.float64(5.25)), (np.float64(26.5), np.float64(29.25))]",False,False,"[(np.float64(3.25), np.float64(11.25)), (np.float64(27.25), np.float64(35.25))]",,,,,,,,,,,1.316,0.233,146.86,-16.61,-71.66
T_673,79.36,46.32,2026-10-06 07:04:07,False,False,"[(np.float64(14.0), np.float64(19.0)), (np.float64(37.75), np.float64(43.0))]",False,False,[],True,True,"[(np.float64(0.0), np.float64(4.75)), (np.float64(23.25), np.float64(28.75)), (np.float64(47.25), np.float64(48.0))]",1.665,0.21,59.75,-22.68,-60.3,,,,,,,,,,
T_674,158.58,64.39,2026-08-21 02:33:40,False,False,[],False,False,[],False,False,[],,,,,,,,,,,,,,,
T_675,202.78,22.58,2026-12-31 02:15:58,True,True,"[(np.float64(0.0), np.float64(0.75)), (np.float64(22.0), np.float64(24.75)), (np.float64(45.75), np.float64(48.0))]",False,False,[],False,False,"[(np.float64(7.75), np.float64(10.75)), (np.float64(31.5), np.float64(34.75))]",,,,,,,,,,,1.176,0.47,34.14,45.11,-29.37
T_676,90.24,-13.08,2027-02-14 20:37:26,True,True,"[(np.float64(0.0), np.float64(0.25)), (np.float64(20.25), np.float64(24.25)), (np.float64(44.25), np.float64(48.0))]",False,False,"[(np.float64(4.5), np.float64(8.5)), (np.float64(28.5), np.float64(32.5))]",False,False,"[(np.float64(6.0), np.float64(9.5)), (np.float64(30.0), np.float64(33.5))]",,,,,,,,,,,1.829,0.56,49.53,28.51,-65.34
T_677,150.17,-59.46,2027-02-27 10:03:38,False,False,[],False,False,"[(np.float64(14.75), np.float64(23.0)), (np.float64(38.75), np.float64(47.0))]",False,False,[],,,,,,,,,,,,,,,
T_678,113.32,-40.17,2026-08-09 18:32:59,False,False,[],False,False,[],False,False,[],,,,,,,,,,,,,,,
T_679,108.29,81.15,2026-12-06 19:02:53,True,True,"[(np.float64(0.0), np.float64(7.75)), (np.float64(23.0), np.float64(31.75)), (np.float64(47.0), np.float64(48.0))]",False,False,[],False,False,"[(np.float64(6.75), np.float64(17.75)), (np.float64(30.75), np.float64(41.75))]",,,,,,,,,,,1.875,0.048,116.31,-78.77,-56.13
T_680,175.45,5.34,2026-09-03 16:50:50,False,False,[],False,False,[],False,False,[],,,,,,,,,,,,,,,
T_681,68.05,-44.53,2026-11-09 10:34:49,False,False,[],False,False,"[(np.float64(14.5), np.float64(21.5)), (np.float64(38.5), np.float64(45.5))]",False,False,[],,,,,,,,,,,,,,,
T_682,357.03,14.37,2026-09-25 00:31:07,True,True,"[(np.float64(0.0), np.float64(0.75)), (np.float64(16.5), np.float64(24.75)), (np.float64(40.5), np.float64(48.0))]",False,False,"[(np.float64(1.0), np.float64(6.5)), (np.float64(25.0), np.float64(30.5))]",False,False,"[(np.float64(2.5), np.float64(10.5)), (np.float64(26.25), np.float64(34.5))]",,,,,,,,,,,1.488,0.968,26.48,17.62,-38.35
T_683,0.42,2.27,2026-10-01 07:53:24,False,False,"[(np.float64(9.5), np.float64(16.75)), (np.float64(33.5), np.float64(40.75))]",False,False,"[(np.float64(16.75), np.float64(23.5)), (np.float64(40.75), np.float64(47.5))]",True,True,"[(np.float64(0.0), np.float64(2.5)), (np.float64(19.25), np.float64(26.5)), (np.float64(43.25), np.float64(48.0))]",1.229,0.747,67.44,46.63,-57.36,,,,,,,,,,
T_684,24.79,-24.88,2026-04-09 06:40:42,False,False,[],False,False,[],False,False,[],,,,,,,,,,,,,,,
T_685,120.9,6.47,2026-08-02 06:36:35,False,False,[],False,False,[],False,False,[],,,,,,,,,,,,,,,
T_686,157.53,3.05,2026-04-16 21:23:45,True,True,"[(np.float64(0.0), np.float64(0.75)), (np.float64(20.25), np.float64(24.75)), (np.float64(44.25), np.float64(48.0))]",False,False,"[(np.float64(2.5), np.float64(7.5)), (np.float64(26.5), np.float64(31.5))]",False,False,"[(np.float64(6.25), np.float64(10.5)), (np.float64(30.25), np.float64(34.25))]",,,,,,,,,,,1.524,0.006,139.97,-49.9,-49.41
T_687,2.06,-20.63,2026-04-24 14:23:41,False,False,[],False,False,[],False,False,[],,,,,,,,,,,,,,,
T_688,70.24,-75.59,2026-06-06 17:19:18,False,False,[],False,False,[],False,False,[],,,,,,,,,,,,,,,
T_689,316.52,-58.98,2026-04-30 01:46:40,False,False,[],False,False,"[(np.float64(4.25), np.float64(8.0)), (np.float64(28.25), np.float64(32.0))]",False,False,[],,,,,,,,,,,,,,,
T_690,165.45,24.38,2026-06-18 08:01:48,False,False,"[(np.float64(10.5), np.float64(11.25)), (np.float64(34.5), np.float64(35.25))]",False,False,"[(np.float64(15.5), np.float64(15.75)), (np.float64(39.5), np.float64(39.5))]",False,False,"[(np.float64(20.5), np.float64(21.25)), (np.float64(44.5), np.float64(45.0))]",,,,,,,,,,,,,,,
T_691,98.63,-37.53,2026-09-05 20:52:37,False,False,[],False,False,"[(np.float64(10.75), np.float64(12.5)), (np.float64(34.5), np.float64(36.5))]",False,False,[],,,,,,,,,,,,,,,
T_692,305.66,-13.54,2027-02-02 00:24:48,False,False,[],False,False,[],False,False,[],,,,,,,,,,,,,,,
T_693,135.22,-32.87,2026-09-07 00:03:13,False,False,[],False,False,[],False,False,[],,,,,,,,,,,,,,,
T_694,48.02,-84.36,2026-10-22 08:16:45,False,False,[],True,True,"[(np.float64(0.0), np.float64(0.25)), (np.float64(16.25), np.float64(24.25)), (np.float64(40.25), np.float64(48.0))]",False,False,[],,,,,,1.799,0.832,81.58,-8.64,-21.6,,,,,
T_695,98.47,11.34,2026-08-07 22:08:40,False,False,[],False,False,[],False,False,[],,,,,,,,,,,,,,,
T_696,103.99,49.56,2026-03-28 02:48:25,False,False,"[(np.float64(14.5), np.float64(18.5)), (np.float64(38.5), np.float64(42.5))]",False,False,[],False,False,"[(np.float64(0.5), np.float64(4.5)), (np.float64(24.5), np.float64(28.5))]",,,,,,,,,,,,,,,
T_697,210.44,-55.46,2026-05-13 13:04:22,False,False,[],False,False,"[(np.float64(10.5), np.float64(19.25)), (np.float64(34.5), np.float64(43.25))]",False,False,[],,,,,,,,,,,,,,,
T_698,170.46,4.36,2026-09-19 12:48:00,False,False,[],False,False,[],False,False,[],,,,,,,,,,,,,,,
T_699,109.47,56.64,2026-09-05 05:02:42,False,False,"[(np.float64(19.75), np.float64(20.75)), (np.float64(43.75), np.float64(44.75))]",False,False,[],False,False,"[(np.float64(5.0), np.float64(6.5)), (np.float64(29.0), np.float64(30.5))]",,,,,,,,,,,,,,,
T_700,303.77,28.36,2026-05-17 22:16:32,True,True,"[(np.float64(0.0), np.float64(2.75)), (np.float64(23.25), np.float64(26.75)), (np.float64(47.25), np.float64(48.0))]",False,False,"[(np.float64(10.0), np.float64(11.5)), (np.float64(34.0), np.float64(35.5))]",False,False,"[(np.float64(9.0), np.float64(12.25)), (np.float64(33.0), np.float64(36.25))]",,,,,,,,,,,1.593,0.02,104.77,-33.31,-39.52
T_701,239.83,-49.64,2026-08-27 08:24:39,False,False,[],False,False,"[(np.float64(15.5), np.float64(19.0)), (np.float64(39.5), np.float64(42.75))]",False,False,[],,,,,,,,,,,,,,,
T_702,310.87,19.0,2027-02-21 06:30:07,False,False,[],False,False,[],False,False,[],,,,,,,,,,,,,,,
T_703,223.55,-32.76,2026-08-26 01:38:27,False,False,[],True,True,"[(np.float64(0.0), np.float64(0.25)), (np.float64(22.25), np.float64(24.25)), (np.float64(46.25), np.float64(48.0))]",False,False,[],,,,,,1.714,0.955,77.62,66.66,-42.7,,,,,
T_704,297.19,45.22,2026-10-13 21:03:14,True,True,"[(np.float64(0.0), np.float64(0.0)), (np.float64(19.5), np.float64(23.75)), (np.float64(43.5), np.float64(47.75))]",False,False,[],False,False,"[(np.float64(5.5), np.float64(10.0)), (np.float64(29.25), np.float64(34.0))]",,,,,,,,,,,1.982,0.105,90.78,-53.75,-67.34
T_705,321.88,-32.75,2026-10-31 14:04:57,False,False,[],False,False,"[(np.float64(10.5), np.float64(14.0)), (np.float64(34.5), np.float64(38.0))]",False,False,[],,,,,,,,,,,,,,,
T_706,81.55,-50.1,2026-03-11 16:56:21,False,False,[],False,False,"[(np.float64(7.5), np.float64(11.0)), (np.float64(31.5), np.float64(34.75))]",False,False,[],,,,,,,,,,,,,,,
T_707,96.28,23.82,2026-11-24 14:43:00,False,False,"[(np.float64(4.75), np.float64(12.0)), (np.float64(28.75), np.float64(36.0))]",False,False,"[(np.float64(14.25), np.float64(17.25)), (np.float64(38.25), np.float64(41.25))]",False,False,"[(np.float64(14.5), np.float64(21.75)), (np.float64(38.25), np.float64(45.75))]",,,,,,,,,,,,,,,
T_708,164.86,5.33,2026-10-19 19:49:47,False,False,[],False,False,[],False,False,[],,,,,,,,,,,,,,,
T_709,114.25,26.81,2026-04-13 13:39:13,False,False,"[(np.float64(4.0), np.float64(6.75)), (np.float64(28.0), np.float64(30.5))]",False,False,"[(np.float64(10.25), np.float64(10.5)), (np.float64(34.25), np.float64(34.5))]",False,False,"[(np.float64(14.0), np.float64(16.5)), (np.float64(38.0), np.float64(40.5))]",,,,,,,,,,,,,,,
T_710,321.55,86.85,2026-08-25 14:13:52,False,False,"[(np.float64(3.5), np.float64(11.5)), (np.float64(27.5), np.float64(35.5))]",False,False,[],False,False,"[(np.float64(13.5), np.float64(21.0)), (np.float64(37.5), np.float64(45.0))]",,,,,,,,,,,,,,,
T_711,181.7,-19.64,2026-09-26 07:59:37,False,False,[],False,False,[],False,False,[],,,,,,,,,,,,,,,
T_712,273.98,-47.94,2027-02-19 20:38:57,False,False,[],False,False,"[(np.float64(11.5), np.float64(12.25)), (np.float64(35.25), np.float64(36.25))]",False,False,[],,,,,,,,,,,,,,,
T_713,234.32,-30.77,2026-10-20 19:22:42,False,False,[],False,False,[],False,False,[],,,,,,,,,,,,,,,
T_714,133.49,52.11,2027-02-08 16:51:08,True,True,"[(np.float64(0.0), np.float64(9.5)), (np.float64(24.0), np.float64(33.5)), (np.float64(48.0), np.float64(48.0))]",False,False,[],False,False,"[(np.float64(9.75), np.float64(19.75)), (np.float64(33.75), np.float64(43.75))]",,,,,,,,,,,1.673,0.039,128.03,2.23,-19.59
T_715,131.68,-22.79,2026-10-20 01:36:12,False,False,[],False,False,"[(np.float64(5.75), np.float64(7.0)), (np.float64(29.5), np.float64(31.0))]",False,False,[],,,,,,,,,,,,,,,
T_716,124.64,-50.66,2027-03-01 15:50:59,False,False,[],False,False,"[(np.float64(9.0), np.float64(15.5)), (np.float64(32.75), np.float64(39.5))]",False,False,[],,,,,,,,,,,,,,,
T_717,15.15,6.97,2026-08-20 07:01:49,False,False,"[(np.float64(14.0), np.float64(18.5)), (np.float64(37.75), np.float64(42.5))]",True,True,"[(np.float64(0.0), np.float64(2.75)), (np.float64(21.5), np.float64(26.75)), (np.float64(45.5), np.float64(48.0))]",True,True,"[(np.float64(0.0), np.float64(4.25)), (np.float64(23.75), np.float64(28.25)), (np.float64(47.75), np.float64(48.0))]",1.787,0.518,138.1,-12.28,-42.36,1.272,0.518,138.32,-16.77,-54.35,,,,,
T_718,137.19,-55.81,2026-08-19 20:10:50,False,False,[],False,False,[],False,False,[],,,,,,,,,,,,,,,
T_719,202.76,-68.59,2026-04-29 01:03:58,False,False,[],True,True,"[(np.float64(0.0), np.float64(8.0)), (np.float64(22.5), np.float64(32.0)), (np.float64(46.5), np.float64(48.0))]",False,False,[],,,,,,1.44,0.931,64.29,56.58,-38.12,,,,,
T_720,56.09,-35.83,2026-12-12 21:03:46,False,False,[],False,False,"[(np.float64(4.25), np.float64(10.75)), (np.float64(28.25), np.float64(34.5))]",False,False,[],,,,,,,,,,,,,,,
T_721,358.17,54.18,2027-01-06 14:24:18,False,False,"[(np.float64(2.0), np.float64(5.25)), (np.float64(26.0), np.float64(29.25))]",False,False,[],False,False,"[(np.float64(11.75), np.float64(15.5)), (np.float64(35.75), np.float64(39.25))]",,,,,,,,,,,,,,,
T_722,250.57,-1.87,2026-03-26 13:01:59,False,False,"[(np.float64(9.75), np.float64(13.0)), (np.float64(33.5), np.float64(37.0))]",False,False,"[(np.float64(16.5), np.float64(20.25)), (np.float64(40.5), np.float64(44.5))]",False,False,"[(np.float64(19.5), np.float64(22.75)), (np.float64(43.5), np.float64(46.75))]",,,,,,,,,,,,,,,
T_723,145.0,-12.66,2026-10-06 15:18:16,False,False,[],False,False,[],False,False,[],,,,,,,,,,,,,,,
T_724,199.35,-31.47,2026-08-11 06:35:31,False,False,[],False,False,"[(np.float64(17.25), np.float64(18.75)), (np.float64(41.25), np.float64(42.5))]",False,False,[],,,,,,,,,,,,,,,
T_725,82.23,-19.46,2026-04-26 20:12:49,False,False,[],False,False,"[(np.float64(3.5), np.float64(4.0)), (np.float64(27.5), np.float64(27.75))]",False,False,[],,,,,,,,,,,,,,,
T_726,163.12,17.57,2026-06-08 01:35:09,False,False,"[(np.float64(16.75), np.float64(18.0)), (np.float64(40.75), np.float64(42.0))]",False,False,"[(np.float64(21.75), np.float64(23.25)), (np.float64(45.75), np.float64(47.25))]",False,False,"[(np.float64(3.0), np.float64(3.75)), (np.float64(27.0), np.float64(27.75))]",,,,,,,,,,,,,,,
T_727,167.08,-3.95,2026-04-27 10:29:15,False,False,"[(np.float64(7.25), np.float64(11.25)), (np.float64(31.25), np.float64(35.25))]",False,False,"[(np.float64(13.25), np.float64(18.75)), (np.float64(37.25), np.float64(42.75))]",False,False,"[(np.float64(17.25), np.float64(20.75)), (np.float64(41.25), np.float64(44.75))]",,,,,,,,,,,,,,,
T_728,156.61,52.98,2026-12-31 00:04:06,True,True,"[(np.float64(0.0), np.float64(3.0)), (np.float64(20.25), np.float64(27.0)), (np.float64(44.25), np.float64(48.0))]",False,False,[],False,False,"[(np.float64(5.75), np.float64(12.75)), (np.float64(29.5), np.float64(37.0))]",,,,,,,,,,,1.129,0.479,67.81,24.8,-57.74
T_729,238.0,-3.9,2026-09-11 14:56:20,False,False,"[(np.float64(2.25), np.float64(2.5)), (np.float64(26.25), np.float64(26.5))]",False,False,"[(np.float64(9.0), np.float64(10.0)), (np.float64(33.0), np.float64(34.0))]",False,False,[],,,,,,,,,,,,,,,
T_730,278.46,25.37,2026-03-20 01:29:35,True,True,"[(np.float64(0.0), np.float64(0.75)), (np.float64(22.5), np.float64(24.75)), (np.float64(46.25), np.float64(48.0))]",False,False,[],False,False,"[(np.float64(8.25), np.float64(10.5)), (np.float64(32.0), np.float64(34.5))]",,,,,,,,,,,1.282,0.014,89.05,-33.79,-29.45
T_731,128.45,1.24,2026-04-22 07:42:07,False,False,"[(np.float64(10.0), np.float64(12.0)), (np.float64(34.0), np.float64(36.0))]",False,False,"[(np.float64(16.0), np.float64(19.0)), (np.float64(40.0), np.float64(43.0))]",False,False,"[(np.float64(20.0), np.float64(21.75)), (np.float64(44.0), np.float64(45.5))]",,,,,,,,,,,,,,,
T_732,218.18,60.23,2026-05-26 22:45:33,True,True,"[(np.float64(0.0), np.float64(2.25)), (np.float64(19.5), np.float64(26.25)), (np.float64(43.5), np.float64(48.0))]",False,False,[],False,False,"[(np.float64(5.5), np.float64(11.75)), (np.float64(29.5), np.float64(35.75))]",,,,,,,,,,,1.33,0.828,73.08,13.65,-36.11
T_733,2.3,-20.75,2027-02-11 17:16:17,False,False,[],False,False,[],False,False,[],,,,,,,,,,,,,,,
T_734,286.09,-52.96,2026-10-04 00:51:02,False,False,[],True,True,"[(np.float64(0.0), np.float64(3.25)), (np.float64(23.25), np.float64(27.0)), (np.float64(47.5), np.float64(48.0))]",False,False,[],,,,,,1.171,0.447,152.87,-67.32,-27.41,,,,,
T_735,281.25,-14.5,2026-08-27 13:22:14,False,False,"[(np.float64(4.25), np.float64(7.25)), (np.float64(28.25), np.float64(31.25))]",False,False,"[(np.float64(10.5), np.float64(15.75)), (np.float64(34.5), np.float64(39.75))]",False,False,"[(np.float64(14.25), np.float64(16.75)), (np.float64(38.25), np.float64(40.75))]",,,,,,,,,,,,,,,
T_736,23.59,-38.02,2027-01-25 07:25:59,False,False,[],False,False,"[(np.float64(18.0), np.float64(19.25)), (np.float64(42.0), np.float64(43.25))]",False,False,[],,,,,,,,,,,,,,,
T_737,130.44,-51.06,2026-07-03 14:11:34,False,False,[],False,False,"[(np.float64(9.25), np.float64(9.5)), (np.float64(33.25), np.float64(33.5))]",False,False,[],,,,,,,,,,,,,,,
T_738,201.81,-11.0,2026-07-18 02:53:43,False,False,[],False,False,"[(np.float64(20.75), np.float64(23.5)), (np.float64(44.75), np.float64(47.5))]",False,False,[],,,,,,,,,,,,,,,
T_739,230.61,9.47,2026-09-04 03:38:28,False,False,"[(np.float64(13.75), np.float64(14.5)), (np.float64(37.75), np.float64(38.25))]",False,False,"[(np.float64(20.25), np.float64(20.5)), (np.float64(44.25), np.float64(44.5))]",True,True,"[(np.float64(0.0), np.float64(0.25)), (np.float64(23.75), np.float64(24.0)), (np.float64(47.75), np.float64(48.0))]",1.801,0.521,141.01,-18.83,-21.95,,,,,,,,,,
T_740,89.84,18.57,2027-02-13 18:46:25,True,True,"[(np.float64(0.0), np.float64(3.5)), (np.float64(22.25), np.float64(27.5)), (np.float64(46.25), np.float64(48.0))]",False,False,"[(np.float64(6.25), np.float64(8.75)), (np.float64(30.25), np.float64(32.75))]",False,False,"[(np.float64(8.0), np.float64(13.25)), (np.float64(32.0), np.float64(37.25))]",,,,,,,,,,,1.033,0.441,44.24,38.5,-43.66
T_741,199.45,54.71,2026-08-03 23:33:57,False,False,"[(np.float64(18.5), np.float64(19.75)), (np.float64(42.5), np.float64(43.75))]",False,False,[],False,False,"[(np.float64(4.5), np.float64(6.0)), (np.float64(28.5), np.float64(29.75))]",,,,,,,,,,,,,,,
T_742,154.68,-30.56,2026-06-26 04:48:32,False,False,[],False,False,"[(np.float64(18.75), np.float64(20.5)), (np.float64(42.75), np.float64(44.5))]",False,False,[],,,,,,,,,,,,,,,
T_743,250.65,27.42,2027-01-06 02:27:57,False,False,"[(np.float64(0.5), np.float64(0.5)), (np.float64(24.25), np.float64(24.5))]",False,False,[],False,False,"[(np.float64(10.0), np.float64(10.5)), (np.float64(34.0), np.float64(34.5))]",,,,,,,,,,,,,,,
T_744,222.48,-31.31,2026-10-08 20:35:20,False,False,[],False,False,[],False,False,[],,,,,,,,,,,,,,,
T_745,8.91,-42.43,2026-04-29 15:48:36,False,False,[],False,False,"[(np.float64(18.0), np.float64(18.0)), (np.float64(42.0), np.float64(42.0))]",False,False,[],,,,,,,,,,,,,,,
T_746,160.26,54.12,2026-10-01 14:44:22,False,False,[],False,False,[],False,False,"[(np.float64(21.0), np.float64(21.0)), (np.float64(45.0), np.float64(45.25))]",,,,,,,,,,,,,,,
T_747,173.83,80.15,2026-08-01 19:24:53,False,False,"[(np.float64(22.75), np.float64(22.75)), (np.float64(46.75), np.float64(46.75))]",False,False,[],False,False,"[(np.float64(8.75), np.float64(10.5)), (np.float64(32.75), np.float64(34.5))]",,,,,,,,,,,,,,,
T_748,332.19,-50.03,2027-02-13 03:53:21,False,False,[],False,False,[],False,False,[],,,,,,,,,,,,,,,
T_749,354.86,15.1,2026-07-07 00:18:10,True,True,"[(np.float64(0.0), np.float64(0.75)), (np.float64(21.75), np.float64(24.75)), (np.float64(45.75), np.float64(48.0))]",False,False,"[(np.float64(6.5), np.float64(9.75)), (np.float64(30.25), np.float64(33.75))]",False,False,"[(np.float64(7.75), np.float64(10.25)), (np.float64(31.5), np.float64(34.25))]",,,,,,,,,,,1.176,0.587,13.99,44.75,-25.73
T_750,225.51,43.19,2026-07-16 02:28:20,False,False,"[(np.float64(16.0), np.float64(19.5)), (np.float64(40.0), np.float64(43.5))]",False,False,[],False,False,"[(np.float64(2.0), np.float64(5.5)), (np.float64(26.0), np.float64(29.5))]",,,,,,,,,,,,,,,
T_751,132.67,16.55,2026-04-01 13:40:15,False,False,"[(np.float64(3.75), np.float64(8.25)), (np.float64(27.75), np.float64(32.25))]",False,False,"[(np.float64(10.5), np.float64(13.75)), (np.float64(34.5), np.float64(37.75))]",False,False,"[(np.float64(13.75), np.float64(18.0)), (np.float64(37.75), np.float64(42.0))]",,,,,,,,,,,,,,,
T_752,154.93,-10.67,2026-12-10 19:56:18,False,False,"[(np.float64(3.75), np.float64(7.0)), (np.float64(27.75), np.float64(31.0))]",False,False,"[(np.float64(9.75), np.float64(12.0)), (np.float64(33.75), np.float64(36.0))]",False,False,"[(np.float64(14.0), np.float64(16.75)), (np.float64(37.75), np.float64(40.75))]",,,,,,,,,,,,,,,
T_753,90.8,-45.39,2027-02-17 04:59:19,False,False,[],True,True,"[(np.float64(0.0), np.float64(1.0)), (np.float64(20.0), np.float64(24.75)), (np.float64(44.0), np.float64(48.0))]",False,False,[],,,,,,1.53,0.808,73.21,12.62,-48.68,,,,,
T_754,176.29,10.37,2027-02-14 21:58:21,True,True,"[(np.float64(0.0), np.float64(5.0)), (np.float64(21.75), np.float64(29.0)), (np.float64(45.75), np.float64(48.0))]",False,False,"[(np.float64(5.75), np.float64(11.0)), (np.float64(29.75), np.float64(35.0))]",False,False,"[(np.float64(7.75), np.float64(14.75)), (np.float64(31.5), np.float64(38.75))]",,,,,,,,,,,1.183,0.566,109.28,12.52,-72.78
T_755,270.52,-0.12,2026-11-29 07:03:48,False,False,[],False,False,[],False,False,[],,,,,,,,,,,,,,,
T_756,304.86,2.06,2026-11-20 01:16:29,False,False,"[(np.float64(15.0), np.float64(16.25)), (np.float64(39.0), np.float64(40.25))]",False,False,[],False,False,"[(np.float64(0.75), np.float64(2.0)), (np.float64(24.75), np.float64(26.0))]",,,,,,,,,,,,,,,
T_757,355.34,-40.41,2027-02-11 02:31:06,False,False,[],False,False,[],False,False,[],,,,,,,,,,,,,,,
T_758,136.37,-37.86,2026-04-30 12:14:19,False,False,[],False,False,"[(np.float64(11.5), np.float64(15.75)), (np.float64(35.5), np.float64(39.75))]",False,False,[],,,,,,,,,,,,,,,
T_759,205.68,-51.09,2026-09-01 20:17:36,False,False,[],False,False,"[(np.float64(3.5), np.float64(4.5)), (np.float64(27.75), np.float64(28.5))]",False,False,[],,,,,,,,,,,,,,,
T_760,53.6,-26.87,2026-08-26 20:50:50,False,False,"[(np.float64(4.75), np.float64(4.75)), (np.float64(28.75), np.float64(29.0))]",False,False,"[(np.float64(8.5), np.float64(12.75)), (np.float64(32.5), np.float64(36.75))]",False,False,[],,,,,,,,,,,,,,,
T_761,295.27,8.52,2026-09-18 06:11:02,False,False,"[(np.float64(11.0), np.float64(15.25)), (np.float64(35.0), np.float64(39.25))]",False,False,"[(np.float64(18.0), np.float64(21.5)), (np.float64(42.0), np.float64(45.5))]",True,True,"[(np.float64(0.0), np.float64(1.0)), (np.float64(20.75), np.float64(25.0)), (np.float64(44.75), np.float64(48.0))]",1.464,0.444,52.86,-9.62,-49.89,,,,,,,,,,
T_762,207.0,-38.13,2026-04-21 04:02:57,False,False,[],True,True,"[(np.float64(0.0), np.float64(5.25)), (np.float64(19.75), np.float64(29.25)), (np.float64(43.75), np.float64(48.0))]",False,False,[],,,,,,1.02,0.187,135.38,-37.23,-70.4,,,,,
T_763,214.57,-64.28,2026-03-18 18:22:55,False,False,[],False,False,"[(np.float64(7.75), np.float64(15.0)), (np.float64(31.5), np.float64(39.0))]",False,False,[],,,,,,,,,,,,,,,
T_764,358.88,-71.47,2026-12-01 02:20:04,False,False,[],True,True,"[(np.float64(0.0), np.float64(3.0)), (np.float64(22.75), np.float64(27.0)), (np.float64(46.75), np.float64(48.0))]",False,False,[],,,,,,1.446,0.519,115.72,-34.16,-29.92,,,,,
T_765,273.62,3.34,2027-02-02 00:12:38,False,False,[],False,False,[],False,False,[],,,,,,,,,,,,,,,
T_766,189.22,-61.59,2026-04-26 05:26:24,False,False,[],True,True,"[(np.float64(0.0), np.float64(2.75)), (np.float64(18.25), np.float64(26.75)), (np.float64(42.25), np.float64(48.0))]",False,False,[],,,,,,1.304,0.723,78.49,10.08,-71.05,,,,,
T_767,96.81,13.33,2026-11-03 03:43:43,False,False,"[(np.float64(17.5), np.float64(22.75)), (np.float64(41.5), np.float64(46.75))]",False,False,"[(np.float64(1.75), np.float64(4.5)), (np.float64(25.75), np.float64(28.5))]",False,False,"[(np.float64(3.25), np.float64(8.5)), (np.float64(27.25), np.float64(32.5))]",,,,,,,,,,,,,,,
T_768,2.38,45.19,2026-06-20 10:14:25,False,False,"[(np.float64(12.75), np.float64(14.75)), (np.float64(36.75), np.float64(38.75))]",False,False,[],True,True,"[(np.float64(0.0), np.float64(0.0)), (np.float64(22.25), np.float64(24.0)), (np.float64(46.0), np.float64(48.0))]",1.317,0.346,125.33,-39.65,-19.77,,,,,,,,,,
T_769,283.92,2.65,2026-08-27 19:21:27,True,True,"[(np.float64(0.0), np.float64(2.5)), (np.float64(22.25), np.float64(26.5)), (np.float64(46.25), np.float64(48.0))]",False,False,"[(np.float64(4.5), np.float64(9.25)), (np.float64(28.5), np.float64(33.25))]",False,False,"[(np.float64(8.25), np.float64(12.25)), (np.float64(32.25), np.float64(36.0))]",,,,,,,,,,,1.177,0.999,50.27,38.33,-37.83
T_770,226.85,40.52,2026-12-02 10:05:28,False,False,[],False,False,[],False,False,"[(np.float64(26.5), np.float64(26.5))]",,,,,,,,,,,,,,,
T_771,70.11,-22.72,2026-05-11 05:54:57,False,False,[],False,False,[],False,False,[],,,,,,,,,,,,,,,
T_772,73.05,-19.17,2026-05-13 09:15:56,False,False,[],False,False,[],False,False,[],,,,,,,,,,,,,,,
T_773,97.06,51.0,2026-11-20 04:25:12,False,False,"[(np.float64(14.75), np.float64(22.25)), (np.float64(38.5), np.float64(46.25))]",False,False,[],False,False,"[(np.float64(0.25), np.float64(8.0)), (np.float64(24.0), np.float64(32.0)), (np.float64(48.0), np.float64(48.0))]",,,,,,,,,,,,,,,
T_774,134.31,36.6,2026-07-13 08:55:52,False,False,[],False,False,[],False,False,[],,,,,,,,,,,,,,,
T_775,318.7,-32.35,2026-09-21 07:38:49,False,False,[],False,False,"[(np.float64(16.5), np.float64(23.0)), (np.float64(40.5), np.float64(46.75))]",False,False,[],,,,,,,,,,,,,,,
T_776,53.02,33.91,2026-03-29 05:25:04,False,False,"[(np.float64(12.0), np.float64(12.0)), (np.float64(36.0), np.float64(36.0))]",False,False,[],False,False,"[(np.float64(22.0), np.float64(22.0))]",,,,,,,,,,,,,,,
T_777,236.23,33.55,2026-05-20 08:04:00,False,False,"[(np.float64(10.0), np.float64(17.0)), (np.float64(34.0), np.float64(41.0))]",False,False,[],True,True,"[(np.float64(0.0), np.float64(2.5)), (np.float64(20.25), np.float64(26.5)), (np.float64(44.25), np.float64(48.0))]",1.012,0.176,102.42,-17.76,-34.41,,,,,,,,,,
T_778,228.08,-12.31,2026-10-23 15:01:21,False,False,[],False,False,[],False,False,[],,,,,,,,,,,,,,,
T_779,212.05,34.37,2026-07-07 10:25:04,False,False,"[(np.float64(8.0), np.float64(11.0)), (np.float64(32.0), np.float64(35.0))]",False,False,[],False,False,"[(np.float64(18.25), np.float64(21.0)), (np.float64(42.25), np.float64(45.0))]",,,,,,,,,,,,,,,
T_780,294.52,18.21,2026-08-20 15:52:57,False,False,"[(np.float64(2.0), np.float64(7.75)), (np.float64(26.0), np.float64(31.75))]",False,False,"[(np.float64(8.25), np.float64(13.0)), (np.float64(32.0), np.float64(36.75))]",False,False,"[(np.float64(12.0), np.float64(17.5)), (np.float64(35.75), np.float64(41.5))]",,,,,,,,,,,,,,,
T_781,135.71,60.81,2027-02-20 06:48:30,False,False,"[(np.float64(10.25), np.float64(19.25)), (np.float64(34.25), np.float64(43.0))]",False,False,[],True,True,"[(np.float64(0.0), np.float64(5.5)), (np.float64(20.0), np.float64(29.5)), (np.float64(44.0), np.float64(48.0))]",1.113,0.993,47.32,68.7,-63.43,,,,,,,,,,
T_782,262.68,44.96,2027-01-14 18:17:52,False,False,"[(np.float64(8.25), np.float64(8.75)), (np.float64(32.25), np.float64(32.75))]",False,False,[],False,False,"[(np.float64(17.75), np.float64(18.75)), (np.float64(41.75), np.float64(42.75))]",,,,,,,,,,,,,,,
T_783,143.45,-30.73,2026-07-22 10:16:15,False,False,[],False,False,[],False,False,[],,,,,,,,,,,,,,,
T_784,209.64,46.27,2026-04-16 12:11:45,False,False,"[(np.float64(5.5), np.float64(13.5)), (np.float64(29.5), np.float64(37.5))]",False,False,[],False,False,"[(np.float64(15.5), np.float64(23.0)), (np.float64(39.5), np.float64(47.0))]",,,,,,,,,,,,,,,
T_785,6.22,-27.1,2026-11-11 06:50:57,False,False,"[(np.float64(10.75), np.float64(13.0)), (np.float64(34.5), np.float64(37.0))]",False,False,"[(np.float64(18.0), np.float64(23.25)), (np.float64(42.0), np.float64(47.25))]",False,False,[],,,,,,,,,,,,,,,
T_786,46.56,24.73,2026-05-23 21:28:50,False,False,[],False,False,[],False,False,[],,,,,,,,,,,,,,,
T_787,319.0,-31.38,2026-09-02 00:01:43,False,False,[],True,True,"[(np.float64(0.0), np.float64(7.75)), (np.float64(24.0), np.float64(31.75)), (np.float64(48.0), np.float64(48.0))]",False,False,[],,,,,,1.338,0.753,89.13,-39.43,-21.08,,,,,
T_788,163.06,-56.21,2026-04-15 06:28:10,False,False,[],True,True,"[(np.float64(0.0), np.float64(0.75)), (np.float64(17.5), np.float64(24.75)), (np.float64(41.25), np.float64(48.0))]",False,False,[],,,,,,1.666,0.066,122.86,-31.15,-58.64,,,,,
T_789,52.94,64.19,2027-02-15 00:57:21,False,False,"[(np.float64(16.0), np.float64(20.0)), (np.float64(40.0), np.float64(44.0))]",False,False,[],False,False,"[(np.float64(1.75), np.float64(6.5)), (np.float64(25.75), np.float64(30.25))]",,,,,,,,,,,,,,,
T_790,302.73,47.25,2026-08-07 00:40:18,True,True,"[(np.float64(0.0), np.float64(0.75)), (np.float64(17.5), np.float64(24.75)), (np.float64(41.5), np.float64(48.0))]",False,False,[],False,False,"[(np.float64(3.5), np.float64(10.25)), (np.float64(27.5), np.float64(34.25))]",,,,,,,,,,,1.468,0.396,85.3,42.73,-27.31
T_791,3.18,55.24,2027-01-26 10:36:25,False,False,"[(np.float64(6.0), np.float64(8.0)), (np.float64(30.0), np.float64(32.0))]",False,False,[],False,False,"[(np.float64(15.75), np.float64(18.25)), (np.float64(39.75), np.float64(42.25))]",,,,,,,,,,,,,,,
T_792,80.52,34.4,2026-09-07 19:04:26,False,False,"[(np.float64(4.25), np.float64(6.75)), (np.float64(28.0), np.float64(30.75))]",False,False,[],False,False,"[(np.float64(13.75), np.float64(16.5)), (np.float64(37.75), np.float64(40.5))]",,,,,,,,,,,,,,,
T_793,228.13,14.2,2026-10-01 19:32:01,False,False,[],False,False,[],False,False,[],,,,,,,,,,,,,,,
T_794,25.12,44.28,2026-05-16 14:58:03,False,False,[],False,False,[],False,False,[],,,,,,,,,,,,,,,
T_795,350.18,25.82,2026-11-07 05:09:59,False,False,"[(np.float64(11.25), np.float64(17.25)), (np.float64(35.0), np.float64(41.0))]",False,False,"[(np.float64(19.5), np.float64(21.25)), (np.float64(43.5), np.float64(45.25))]",True,True,"[(np.float64(0.0), np.float64(3.0)), (np.float64(20.75), np.float64(27.0)), (np.float64(44.75), np.float64(48.0))]",1.068,0.045,151.11,-66.95,-57.33,,,,,,,,,,
T_796,56.84,-19.86,2026-12-15 01:27:24,False,False,"[(np.float64(16.25), np.float64(20.5)), (np.float64(40.25), np.float64(44.5))]",True,True,"[(np.float64(0.0), np.float64(5.75)), (np.float64(24.0), np.float64(29.75)), (np.float64(48.0), np.float64(48.0))]",False,False,"[(np.float64(2.5), np.float64(5.75)), (np.float64(26.5), np.float64(29.75))]",,,,,,1.081,0.293,83.94,26.96,-20.34,,,,,
T_797,296.64,58.79,2026-12-05 11:29:23,False,False,"[(np.float64(4.75), np.float64(6.25)), (np.float64(28.75), np.float64(30.25))]",False,False,[],False,False,"[(np.float64(14.5), np.float64(16.5)), (np.float64(38.5), np.float64(40.5))]",,,,,,,,,,,,,,,
T_798,118.21,-49.16,2026-10-05 17:36:27,False,False,[],False,False,"[(np.float64(13.0), np.float64(15.25)), (np.float64(37.0), np.float64(39.25))]",False,False,[],,,,,,,,,,,,,,,
T_799,134.61,-23.75,2026-10-14 21:38:27,False,False,[],False,False,"[(np.float64(10.0), np.float64(11.0)), (np.float64(34.0), np.float64(35.0))]",False,False,[],,,,,,,,,,,,,,,
T_800,309.15,38.18,2026-08-01 17:14:29,False,False,"[(np.float64(1.0), np.float64(8.25)), (np.float64(25.0), np.float64(32.25))]",False,False,[],False,False,"[(np.float64(11.0), np.float64(17.75)), (np.float64(35.0), np.float64(41.75))]",,,,,,,,,,,,,,,
T_801,197.78,1.36,2027-02-21 08:39:03,False,False,"[(np.float64(12.5), np.float64(18.0)), (np.float64(36.5), np.float64(42.0))]",True,True,"[(np.float64(0.0), np.float64(0.25)), (np.float64(19.75), np.float64(24.25)), (np.float64(43.5), np.float64(48.0))]",True,True,"[(np.float64(0.0), np.float64(4.0)), (np.float64(22.5), np.float64(28.0)), (np.float64(46.25), np.float64(48.0))]",1.37,0.998,39.72,60.4,-62.41,1.186,0.998,40.37,27.84,-23.23,,,,,
T_802,163.03,53.78,2026-04-18 19:38:12,True,True,"[(np.float64(0.0), np.float64(4.25)), (np.float64(22.0), np.float64(28.25)), (np.float64(46.0), np.float64(48.0))]",False,False,[],False,False,"[(np.float64(8.0), np.float64(14.5)), (np.float64(32.0), np.float64(38.25))]",,,,,,,,,,,1.107,0.027,89.88,-22.55,-39.66
T_803,31.54,41.37,2026-10-25 04:19:35,False,False,"[(np.float64(12.25), np.float64(22.0)), (np.float64(36.25), np.float64(46.0))]",False,False,[],True,True,"[(np.float64(0.0), np.float64(7.75)), (np.float64(22.0), np.float64(31.75)), (np.float64(45.75), np.float64(48.0))]",1.233,0.986,34.0,53.93,-45.09,,,,,,,,,,
T_804,147.78,12.5,2026-09-13 12:26:36,False,False,[],False,False,[],False,False,[],,,,,,,,,,,,,,,
T_805,91.23,61.78,2027-02-06 18:24:23,True,True,"[(np.float64(0.0), np.float64(5.5)), (np.float64(22.5), np.float64(29.5)), (np.float64(46.5), np.float64(48.0))]",False,False,[],False,False,"[(np.float64(8.25), np.float64(16.0)), (np.float64(32.25), np.float64(39.75))]",,,,,,,,,,,1.177,0.0,122.49,-39.63,-40.03
T_806,297.91,34.68,2026-10-28 00:51:14,False,False,"[(np.float64(15.5), np.float64(19.0)), (np.float64(39.5), np.float64(42.75))]",False,False,[],False,False,"[(np.float64(1.25), np.float64(5.0)), (np.float64(25.25), np.float64(28.75))]",,,,,,,,,,,,,,,
T_807,95.72,15.31,2026-09-20 17:46:04,False,False,"[(np.float64(6.25), np.float64(8.25)), (np.float64(30.0), np.float64(32.25))]",False,False,"[(np.float64(14.75), np.float64(15.25)), (np.float64(38.5), np.float64(39.25))]",False,False,"[(np.float64(16.0), np.float64(18.0)), (np.float64(39.75), np.float64(42.0))]",,,,,,,,,,,,,,,
T_808,305.31,78.33,2026-11-07 20:24:16,True,True,"[(np.float64(0.0), np.float64(0.25)), (np.float64(20.0), np.float64(24.0)), (np.float64(43.75), np.float64(48.0))]",False,False,[],False,False,"[(np.float64(5.5), np.float64(11.5)), (np.float64(29.5), np.float64(35.5))]",,,,,,,,,,,1.955,0.022,107.08,-75.12,-70.81
T_809,116.09,-41.99,2026-04-29 19:44:56,False,False,[],False,False,"[(np.float64(4.0), np.float64(7.0)), (np.float64(28.0), np.float64(31.0))]",False,False,[],,,,,,,,,,,,,,,
T_810,7.09,-9.47,2027-02-01 12:24:14,False,False,[],False,False,[],False,False,[],,,,,,,,,,,,,,,
T_811,33.88,-20.62,2027-02-22 05:15:21,False,False,[],False,False,"[(np.float64(19.75), np.float64(19.75)), (np.float64(43.5), np.float64(43.75))]",False,False,[],,,,,,,,,,,,,,,
T_812,144.1,35.06,2026-10-29 23:06:07,False,False,"[(np.float64(1.0), np.float64(3.25)), (np.float64(24.75), np.float64(27.25))]",False,False,[],False,False,"[(np.float64(10.5), np.float64(13.0)), (np.float64(34.5), np.float64(37.25))]",,,,,,,,,,,,,,,
T_813,101.3,-11.85,2026-04-17 07:04:31,False,False,"[(np.float64(10.5), np.float64(10.5)), (np.float64(34.5), np.float64(34.5))]",False,False,"[(np.float64(16.75), np.float64(18.75)), (np.float64(40.75), np.float64(42.5))]",False,False,[],,,,,,,,,,,,,,,
T_814,324.37,-52.27,2026-07-18 01:48:23,False,False,[],True,True,"[(np.float64(0.0), np.float64(8.25)), (np.float64(23.75), np.float64(32.25)), (np.float64(47.75), np.float64(48.0))]",False,False,[],,,,,,1.831,0.175,130.28,-0.43,-48.53,,,,,
T_815,317.66,12.53,2026-12-03 22:05:59,False,False,"[(np.float64(18.0), np.float64(20.0)), (np.float64(42.0), np.float64(43.75))]",False,False,[],False,False,"[(np.float64(3.75), np.float64(5.75)), (np.float64(27.75), np.float64(29.75))]",,,,,,,,,,,,,,,
T_816,177.47,7.25,2026-04-22 11:57:16,False,False,"[(np.float64(5.75), np.float64(11.25)), (np.float64(29.75), np.float64(35.25))]",False,False,"[(np.float64(11.75), np.float64(17.75)), (np.float64(35.75), np.float64(41.75))]",False,False,"[(np.float64(15.75), np.float64(21.0)), (np.float64(39.75), np.float64(45.0))]",,,,,,,,,,,,,,,
T_817,357.03,-37.89,2026-09-06 05:20:57,False,False,[],True,True,"[(np.float64(0.0), np.float64(4.0)), (np.float64(19.25), np.float64(28.0)), (np.float64(43.25), np.float64(48.0))]",False,False,[],,,,,,1.012,0.289,116.52,-26.09,-65.34,,,,,
T_818,80.5,0.35,2026-05-03 17:06:32,False,False,[],False,False,[],False,False,[],,,,,,,,,,,,,,,
T_819,20.08,-1.85,2026-07-06 22:28:28,False,False,"[(np.float64(2.0), np.float64(2.5)), (np.float64(26.0), np.float64(26.5))]",False,False,"[(np.float64(9.0), np.float64(11.5)), (np.float64(33.0), np.float64(35.5))]",False,False,"[(np.float64(12.0), np.float64(12.0)), (np.float64(36.0), np.float64(36.0))]",,,,,,,,,,,,,,,
T_820,202.43,48.68,2026-08-16 17:47:35,True,True,"[(np.float64(0.0), np.float64(0.75)), (np.float64(24.0), np.float64(24.75)), (np.float64(48.0), np.float64(48.0))]",False,False,[],False,False,"[(np.float64(10.0), np.float64(10.75)), (np.float64(34.0), np.float64(34.75))]",,,,,,,,,,,1.604,0.188,59.28,7.37,-18.32
T_821,42.71,23.87,2026-06-02 15:31:05,False,False,[],False,False,[],False,False,[],,,,,,,,,,,,,,,
T_822,243.97,-17.91,2026-11-14 21:33:24,False,False,[],False,False,[],False,False,[],,,,,,,,,,,,,,,
T_823,179.88,-40.3,2027-02-20 17:15:25,False,False,[],False,False,"[(np.float64(8.5), np.float64(15.75)), (np.float64(32.5), np.float64(39.75))]",False,False,[],,,,,,,,,,,,,,,
T_824,278.03,4.61,2026-05-17 03:44:12,False,False,"[(np.float64(17.0), np.float64(21.25)), (np.float64(41.0), np.float64(45.25))]",False,False,"[(np.float64(0.5), np.float64(6.0)), (np.float64(24.5), np.float64(30.0))]",False,False,"[(np.float64(3.0), np.float64(6.75)), (np.float64(27.0), np.float64(30.75))]",,,,,,,,,,,,,,,
T_825,113.64,-45.95,2026-08-25 04:00:20,False,False,[],False,False,"[(np.float64(5.25), np.float64(5.75)), (np.float64(29.0), np.float64(29.5))]",False,False,[],,,,,,,,,,,,,,,
T_826,256.06,45.47,2026-04-30 07:46:27,False,False,"[(np.float64(11.5), np.float64(17.5)), (np.float64(35.25), np.float64(41.5))]",False,False,[],True,True,"[(np.float64(0.0), np.float64(3.25)), (np.float64(21.0), np.float64(27.25)), (np.float64(44.75), np.float64(48.0))]",1.125,0.98,77.29,37.27,-40.17,,,,,,,,,,
T_827,263.73,67.81,2026-08-08 15:45:57,False,False,"[(np.float64(2.25), np.float64(7.75)), (np.float64(26.25), np.float64(31.75))]",False,False,[],False,False,"[(np.float64(12.25), np.float64(18.25)), (np.float64(36.25), np.float64(42.25))]",,,,,,,,,,,,,,,
T_828,11.99,28.07,2026-03-29 10:17:20,False,False,[],False,False,[],False,False,[],,,,,,,,,,,,,,,
T_829,77.19,-74.64,2026-12-02 07:46:58,False,False,[],True,True,"[(np.float64(0.0), np.float64(0.25)), (np.float64(17.5), np.float64(24.25)), (np.float64(41.5), np.float64(48.0))]",False,False,[],,,,,,1.543,0.387,92.55,28.42,-20.58,,,,,
T_830,265.29,-76.57,2026-07-09 11:59:04,False,False,[],False,False,"[(np.float64(11.5), np.float64(20.75)), (np.float64(35.5), np.float64(44.5))]",False,False,[],,,,,,,,,,,,,,,
T_831,152.37,-17.46,2026-04-05 07:58:53,False,False,"[(np.float64(9.5), np.float64(13.25)), (np.float64(33.5), np.float64(37.25))]",False,False,"[(np.float64(16.0), np.float64(22.25)), (np.float64(40.0), np.float64(46.0))]",False,False,"[(np.float64(19.5), np.float64(22.5)), (np.float64(43.5), np.float64(46.5))]",,,,,,,,,,,,,,,
T_832,211.39,-19.66,2027-01-07 18:14:48,False,False,"[(np.float64(8.25), np.float64(8.75)), (np.float64(32.0), np.float64(32.75))]",False,False,"[(np.float64(13.25), np.float64(14.0)), (np.float64(37.0), np.float64(38.0))]",False,False,"[(np.float64(18.5), np.float64(18.75)), (np.float64(42.5), np.float64(42.75))]",,,,,,,,,,,,,,,
T_833,328.53,1.83,2026-06-14 23:23:45,True,True,"[(np.float64(0.0), np.float64(1.5)), (np.float64(23.0), np.float64(25.5)), (np.float64(47.0), np.float64(48.0))]",False,False,"[(np.float64(6.25), np.float64(10.75)), (np.float64(30.25), np.float64(34.75))]",False,False,"[(np.float64(9.0), np.float64(11.0)), (np.float64(32.75), np.float64(35.0))]",,,,,,,,,,,1.463,0.002,108.83,-26.87,-31.15
T_834,245.39,20.39,2026-05-31 00:36:10,True,True,"[(np.float64(0.0), np.float64(0.25)), (np.float64(17.75), np.float64(24.25)), (np.float64(41.75), np.float64(48.0))]",False,False,"[(np.float64(1.75), np.float64(6.0)), (np.float64(25.75), np.float64(30.0))]",False,False,"[(np.float64(3.75), np.float64(9.75)), (np.float64(27.75), np.float64(33.75))]",,,,,,,,,,,1.373,0.997,47.26,15.54,-22.61
T_835,201.6,-12.15,2026-09-15 08:09:44,False,False,[],False,False,[],False,False,[],,,,,,,,,,,,,,,
T_836,314.28,-0.14,2026-04-18 01:32:23,True,True,"[(np.float64(0.0), np.float64(0.0)), (np.float64(23.75), np.float64(24.0)), (np.float64(47.75), np.float64(48.0))]",False,False,"[(np.float64(6.75), np.float64(8.0)), (np.float64(30.75), np.float64(32.0))]",False,False,"[(np.float64(9.75), np.float64(9.75)), (np.float64(33.75), np.float64(33.75))]",,,,,,,,,,,1.809,0.006,78.72,-21.68,-20.7
T_837,203.55,-17.77,2026-12-28 15:03:10,False,False,"[(np.float64(11.25), np.float64(12.0)), (np.float64(35.25), np.float64(36.0))]",False,False,"[(np.float64(16.5), np.float64(17.0)), (np.float64(40.5), np.float64(41.0))]",False,False,"[(np.float64(21.5), np.float64(22.0)), (np.float64(45.5), np.float64(46.0))]",,,,,,,,,,,,,,,
T_838,176.2,-14.12,2026-09-30 06:54:17,False,False,[],False,False,[],False,False,[],,,,,,,,,,,,,,,
T_839,254.15,45.26,2026-11-07 21:59:11,False,False,"[(np.float64(18.25), np.float64(18.5)), (np.float64(42.25), np.float64(42.25))]",False,False,[],False,False,"[(np.float64(4.0), np.float64(4.5)), (np.float64(28.0), np.float64(28.5))]",,,,,,,,,,,,,,,
T_840,67.14,-48.37,2026-07-15 23:08:45,False,False,[],False,False,"[(np.float64(9.5), np.float64(11.0)), (np.float64(33.5), np.float64(35.0))]",False,False,[],,,,,,,,,,,,,,,
T_841,126.48,26.63,2026-06-18 22:31:17,False,False,[],False,False,[],False,False,[],,,,,,,,,,,,,,,
T_842,205.87,42.67,2026-03-23 15:43:43,False,False,"[(np.float64(2.75), np.float64(10.5)), (np.float64(26.75), np.float64(34.5))]",False,False,[],False,False,"[(np.float64(12.25), np.float64(20.25)), (np.float64(36.25), np.float64(44.0))]",,,,,,,,,,,,,,,
T_843,308.68,-31.06,2026-06-24 03:19:47,False,False,[],True,True,"[(np.float64(0.0), np.float64(6.75)), (np.float64(23.25), np.float64(30.75)), (np.float64(47.25), np.float64(48.0))]",False,False,[],,,,,,1.533,0.717,94.92,43.95,-70.0,,,,,
T_844,204.47,26.88,2026-03-31 09:27:21,False,False,"[(np.float64(8.75), np.float64(16.5)), (np.float64(32.75), np.float64(40.5))]",False,False,"[(np.float64(19.0), np.float64(21.75)), (np.float64(42.75), np.float64(45.5))]",True,True,"[(np.float64(0.0), np.float64(2.25)), (np.float64(18.5), np.float64(26.25)), (np.float64(42.25), np.float64(48.0))]",1.033,0.97,41.07,34.51,-42.4,,,,,,,,,,
T_845,201.54,3.23,2026-09-21 03:12:29,False,False,[],False,False,[],False,False,[],,,,,,,,,,,,,,,
T_846,159.83,-24.96,2026-03-31 20:50:14,True,True,"[(np.float64(0.0), np.float64(0.5)), (np.float64(21.25), np.float64(24.25)), (np.float64(45.25), np.float64(48.0))]",False,False,"[(np.float64(3.25), np.float64(10.25)), (np.float64(27.25), np.float64(34.25))]",False,False,"[(np.float64(8.5), np.float64(8.75)), (np.float64(32.5), np.float64(32.75))]",,,,,,,,,,,1.857,0.984,29.04,59.27,-53.23
T_847,266.46,-63.32,2026-08-18 06:43:48,False,False,[],False,False,"[(np.float64(17.0), np.float64(23.25)), (np.float64(41.0), np.float64(47.25))]",False,False,[],,,,,,,,,,,,,,,
T_848,179.75,36.75,2026-05-01 17:02:55,False,False,"[(np.float64(0.75), np.float64(6.75)), (np.float64(24.75), np.float64(30.75))]",False,False,[],False,False,"[(np.float64(10.75), np.float64(16.75)), (np.float64(34.75), np.float64(40.5))]",,,,,,,,,,,,,,,
T_849,72.4,10.89,2026-09-07 13:05:42,False,False,"[(np.float64(10.25), np.float64(12.75)), (np.float64(34.25), np.float64(36.75))]",False,False,"[(np.float64(18.25), np.float64(20.25)), (np.float64(42.25), np.float64(44.25))]",False,False,"[(np.float64(20.0), np.float64(22.5)), (np.float64(44.0), np.float64(46.5))]",,,,,,,,,,,,,,,
T_850,173.05,10.45,2027-03-03 16:22:28,False,False,"[(np.float64(2.25), np.float64(10.0)), (np.float64(26.0), np.float64(34.0))]",False,False,"[(np.float64(10.25), np.float64(16.0)), (np.float64(34.0), np.float64(40.0))]",False,False,"[(np.float64(12.0), np.float64(19.75)), (np.float64(36.0), np.float64(43.75))]",,,,,,,,,,,,,,,
T_851,87.74,62.87,2026-11-08 23:38:30,True,True,"[(np.float64(0.0), np.float64(2.75)), (np.float64(19.25), np.float64(27.0)), (np.float64(43.25), np.float64(48.0))]",False,False,[],False,False,"[(np.float64(4.5), np.float64(12.75)), (np.float64(28.5), np.float64(36.75))]",,,,,,,,,,,1.2,0.003,126.45,-54.33,-56.51
T_852,118.32,62.94,2026-12-28 05:40:53,False,False,"[(np.float64(12.0), np.float64(21.25)), (np.float64(36.0), np.float64(45.25))]",False,False,[],True,True,"[(np.float64(0.0), np.float64(7.25)), (np.float64(21.25), np.float64(31.25)), (np.float64(45.25), np.float64(48.0))]",1.326,0.766,61.0,7.57,-63.97,,,,,,,,,,
T_853,300.91,-13.22,2026-11-17 16:54:11,False,False,"[(np.float64(23.25), np.float64(23.75)), (np.float64(47.25), np.float64(47.75))]",False,False,"[(np.float64(8.0), np.float64(8.25)), (np.float64(32.0), np.float64(32.0))]",False,False,"[(np.float64(9.0), np.float64(9.25)), (np.float64(33.0), np.float64(33.25))]",,,,,,,,,,,,,,,
T_854,349.05,27.98,2027-01-02 10:18:38,False,False,"[(np.float64(6.0), np.float64(8.25)), (np.float64(30.0), np.float64(32.25))]",False,False,[],False,False,"[(np.float64(15.75), np.float64(18.25)), (np.float64(39.75), np.float64(42.25))]",,,,,,,,,,,,,,,
T_855,122.68,-11.49,2026-11-13 06:13:23,False,False,"[(np.float64(17.25), np.float64(20.25)), (np.float64(41.25), np.float64(44.25))]",True,True,"[(np.float64(0.0), np.float64(1.75)), (np.float64(23.25), np.float64(25.75)), (np.float64(47.0), np.float64(48.0))]",False,False,"[(np.float64(3.25), np.float64(6.25)), (np.float64(27.25), np.float64(30.25))]",,,,,,1.493,0.141,133.27,-31.01,-36.27,,,,,
T_856,146.42,55.37,2026-08-20 05:49:48,False,False,[],False,False,[],False,False,[],,,,,,,,,,,,,,,
T_857,194.96,13.59,2026-11-03 17:36:12,False,False,[],False,False,[],False,False,[],,,,,,,,,,,,,,,
T_858,311.75,-10.72,2026-08-06 12:17:09,False,False,"[(np.float64(6.25), np.float64(12.0)), (np.float64(30.25), np.float64(36.0))]",False,False,"[(np.float64(12.25), np.float64(20.25)), (np.float64(36.25), np.float64(44.0))]",False,False,"[(np.float64(16.25), np.float64(21.5)), (np.float64(40.25), np.float64(45.5))]",,,,,,,,,,,,,,,
T_859,317.05,8.0,2026-04-16 16:25:18,False,False,"[(np.float64(8.75), np.float64(9.25)), (np.float64(32.75), np.float64(33.25))]",False,False,"[(np.float64(16.5), np.float64(17.25)), (np.float64(40.5), np.float64(41.25))]",False,False,"[(np.float64(18.75), np.float64(18.75)), (np.float64(42.5), np.float64(42.75))]",,,,,,,,,,,,,,,
T_860,196.88,44.76,2026-09-07 01:59:20,False,False,[],False,False,[],False,False,[],,,,,,,,,,,,,,,
T_861,262.55,68.41,2026-03-16 10:09:13,False,False,"[(np.float64(12.0), np.float64(16.25)), (np.float64(35.75), np.float64(40.25))]",False,False,[],True,True,"[(np.float64(0.0), np.float64(2.0)), (np.float64(21.0), np.float64(26.0)), (np.float64(44.75), np.float64(48.0))]",1.365,0.081,95.51,-26.65,-41.31,,,,,,,,,,
T_862,111.65,-13.72,2026-06-02 12:13:34,False,False,[],False,False,"[(np.float64(11.25), np.float64(11.25)), (np.float64(35.25), np.float64(35.25))]",False,False,[],,,,,,,,,,,,,,,
T_863,46.44,74.54,2026-11-28 01:33:59,True,True,"[(np.float64(0.0), np.float64(0.25)), (np.float64(14.5), np.float64(24.25)), (np.float64(38.5), np.float64(48.0))]",False,False,[],False,False,"[(np.float64(0.25), np.float64(11.0)), (np.float64(24.25), np.float64(35.0))]",,,,,,,,,,,1.889,0.833,61.73,79.57,-34.44
T_864,282.44,64.89,2027-03-04 04:49:32,False,False,"[(np.float64(19.5), np.float64(21.75)), (np.float64(43.5), np.float64(45.75))]",False,False,[],False,False,"[(np.float64(4.5), np.float64(7.5)), (np.float64(28.5), np.float64(31.5))]",,,,,,,,,,,,,,,
T_865,236.82,33.19,2026-12-03 07:37:21,False,False,[],False,False,[],False,False,[],,,,,,,,,,,,,,,
T_866,120.46,7.54,2026-06-27 17:51:33,False,False,[],False,False,[],False,False,[],,,,,,,,,,,,,,,
T_867,168.45,83.69,2026-10-29 13:40:25,False,False,"[(np.float64(11.0), np.float64(12.75)), (np.float64(34.75), np.float64(36.75))]",False,False,[],False,False,"[(np.float64(17.5), np.float64(22.5)), (np.float64(41.5), np.float64(46.5))]",,,,,,,,,,,,,,,
T_868,322.82,-2.07,2026-12-01 21:40:52,False,False,"[(np.float64(18.5), np.float64(20.25)), (np.float64(42.5), np.float64(44.0))]",False,False,"[(np.float64(3.5), np.float64(3.5)), (np.float64(27.5), np.float64(27.5))]",False,False,"[(np.float64(4.25), np.float64(5.75)), (np.float64(28.25), np.float64(29.75))]",,,,,,,,,,,,,,,
T_869,328.87,-60.43,2027-01-17 09:44:41,False,False,[],False,False,[],False,False,[],,,,,,,,,,,,,,,
T_870,256.5,24.83,2026-10-21 17:17:10,True,True,"[(np.float64(0.0), np.float64(0.0)), (np.float64(23.25), np.float64(23.75)), (np.float64(47.25), np.float64(47.75))]",False,False,[],False,False,"[(np.float64(9.0), np.float64(9.75)), (np.float64(33.0), np.float64(33.75))]",,,,,,,,,,,1.969,0.782,83.59,48.01,-29.73
T_871,153.16,-65.13,2026-04-08 23:53:54,False,False,[],True,True,"[(np.float64(0.0), np.float64(7.25)), (np.float64(24.0), np.float64(31.0)), (np.float64(48.0), np.float64(48.0))]",False,False,[],,,,,,1.307,0.616,77.98,-27.55,-18.75,,,,,
T_872,71.73,20.3,2026-04-02 23:27:44,False,False,"[(np.float64(18.0), np.float64(18.5)), (np.float64(42.0), np.float64(42.5))]",False,False,[],False,False,"[(np.float64(4.0), np.float64(4.25)), (np.float64(28.0), np.float64(28.25))]",,,,,,,,,,,,,,,
T_873,342.88,16.53,2026-04-09 11:04:02,False,False,[],False,False,[],False,False,[],,,,,,,,,,,,,,,
T_874,190.16,53.25,2026-08-29 14:26:20,False,False,[],False,False,[],False,False,[],,,,,,,,,,,,,,,
T_875,259.89,-6.83,2026-12-15 17:27:07,False,False,[],False,False,[],False,False,[],,,,,,,,,,,,,,,
T_876,301.26,5.9,2026-08-01 07:10:37,False,False,"[(np.float64(11.0), np.float64(17.75)), (np.float64(35.0), np.float64(41.5))]",True,True,"[(np.float64(0.0), np.float64(0.25)), (np.float64(17.75), np.float64(24.25)), (np.float64(41.5), np.float64(48.0))]",True,True,"[(np.float64(0.0), np.float64(3.5)), (np.float64(21.0), np.float64(27.25)), (np.float64(45.0), np.float64(48.0))]",1.144,0.929,42.13,35.85,-37.0,1.785,0.929,41.34,66.73,-55.89,,,,,
T_877,293.47,-19.51,2026-11-13 01:22:08,False,False,[],False,False,"[(np.float64(23.5), np.float64(23.75)), (np.float64(47.5), np.float64(47.5))]",False,False,[],,,,,,,,,,,,,,,
T_878,248.84,-59.81,2026-03-20 02:04:07,False,False,[],False,False,"[(np.float64(2.25), np.float64(7.25)), (np.float64(26.25), np.float64(31.25))]",False,False,[],,,,,,,,,,,,,,,
T_879,174.62,2.21,2026-11-09 22:28:59,False,False,"[(np.float64(4.0), np.float64(4.0)), (np.float64(28.0), np.float64(28.0))]",False,False,[],False,False,"[(np.float64(13.75), np.float64(14.0)), (np.float64(37.75), np.float64(38.0))]",,,,,,,,,,,,,,,
T_880,282.79,34.52,2026-07-28 01:14:16,False,False,"[(np.float64(17.0), np.float64(23.5)), (np.float64(41.0), np.float64(47.5))]",False,False,[],False,False,"[(np.float64(3.0), np.float64(9.5)), (np.float64(27.0), np.float64(33.5))]",,,,,,,,,,,,,,,
T_881,23.86,47.59,2026-11-23 10:13:42,False,False,"[(np.float64(6.0), np.float64(13.75)), (np.float64(30.0), np.float64(37.75))]",False,False,[],True,True,"[(np.float64(0.0), np.float64(0.0)), (np.float64(15.75), np.float64(24.0)), (np.float64(39.75), np.float64(48.0))]",1.925,0.978,29.96,32.19,-47.92,,,,,,,,,,
T_882,82.35,35.35,2026-10-30 17:00:06,False,False,"[(np.float64(2.75), np.float64(9.5)), (np.float64(26.75), np.float64(33.5))]",False,False,[],False,False,"[(np.float64(12.5), np.float64(19.25)), (np.float64(36.25), np.float64(43.25))]",,,,,,,,,,,,,,,
T_883,138.89,-66.28,2026-11-02 22:30:18,False,False,[],False,False,"[(np.float64(7.25), np.float64(9.75)), (np.float64(31.25), np.float64(33.75))]",False,False,[],,,,,,,,,,,,,,,
T_884,161.35,13.54,2026-12-14 15:57:42,False,False,"[(np.float64(6.75), np.float64(11.0)), (np.float64(30.75), np.float64(35.0))]",False,False,"[(np.float64(15.25), np.float64(16.0)), (np.float64(39.0), np.float64(40.0))]",False,False,"[(np.float64(16.5), np.float64(20.75)), (np.float64(40.5), np.float64(44.75))]",,,,,,,,,,,,,,,
T_885,65.23,-18.23,2026-04-19 03:34:37,False,False,[],False,False,[],False,False,[],,,,,,,,,,,,,,,
T_886,314.4,5.9,2027-02-28 22:50:25,False,False,[],False,False,[],False,False,[],,,,,,,,,,,,,,,
T_887,213.35,21.18,2026-09-28 17:15:58,False,False,[],False,False,[],False,False,[],,,,,,,,,,,,,,,
T_888,256.22,-29.04,2026-05-14 20:32:28,False,False,"[(np.float64(2.25), np.float64(3.25)), (np.float64(26.0), np.float64(27.25))]",False,False,"[(np.float64(5.25), np.float64(13.25)), (np.float64(29.25), np.float64(37.25))]",False,False,[],,,,,,,,,,,,,,,
T_889,340.98,-14.27,2026-11-20 16:31:20,True,True,"[(np.float64(0.0), np.float64(2.5)), (np.float64(23.75), np.float64(26.5)), (np.float64(47.75), np.float64(48.0))]",False,False,"[(np.float64(8.5), np.float64(11.0)), (np.float64(32.5), np.float64(35.0))]",False,False,"[(np.float64(9.5), np.float64(12.0)), (np.float64(33.5), np.float64(36.0))]",,,,,,,,,,,1.395,0.805,29.82,57.53,-23.6
T_890,162.84,-12.81,2026-08-06 16:41:13,False,False,[],False,False,[],False,False,[],,,,,,,,,,,,,,,
T_891,221.66,27.45,2026-11-28 20:15:17,False,False,[],False,False,[],False,False,[],,,,,,,,,,,,,,,
T_892,233.68,-43.9,2026-03-17 01:38:46,False,False,[],False,False,"[(np.float64(2.25), np.float64(7.75)), (np.float64(26.0), np.float64(31.75))]",False,False,[],,,,,,,,,,,,,,,
T_893,262.26,12.99,2026-12-31 03:10:19,False,False,[],False,False,[],False,False,[],,,,,,,,,,,,,,,
T_894,40.69,-38.95,2026-04-06 09:09:49,False,False,[],False,False,[],False,False,[],,,,,,,,,,,,,,,
T_895,110.13,-47.03,2027-01-28 02:58:36,False,False,[],True,True,"[(np.float64(0.0), np.float64(5.5)), (np.float64(22.25), np.float64(29.5)), (np.float64(46.25), np.float64(48.0))]",False,False,[],,,,,,1.059,0.636,80.41,-1.2,-34.71,,,,,
T_896,195.56,53.97,2026-09-30 03:38:27,False,False,[],False,False,[],False,False,[],,,,,,,,,,,,,,,
T_897,229.94,10.91,2026-07-29 13:14:43,False,False,"[(np.float64(5.0), np.float64(7.25)), (np.float64(29.0), np.float64(31.25))]",False,False,"[(np.float64(10.5), np.float64(13.25)), (np.float64(34.5), np.float64(37.25))]",False,False,"[(np.float64(15.0), np.float64(17.0)), (np.float64(39.0), np.float64(41.0))]",,,,,,,,,,,,,,,
T_898,325.52,16.76,2026-10-08 13:03:23,False,False,"[(np.float64(3.75), np.float64(9.25)), (np.float64(27.75), np.float64(33.25))]",False,False,"[(np.float64(11.25), np.float64(14.75)), (np.float64(35.25), np.float64(38.75))]",False,False,"[(np.float64(13.5), np.float64(19.0)), (np.float64(37.5), np.float64(43.0))]",,,,,,,,,,,,,,,
T_899,310.21,46.02,2026-11-22 00:01:01,False,False,"[(np.float64(16.25), np.float64(19.25)), (np.float64(40.25), np.float64(43.25))]",False,False,[],False,False,"[(np.float64(2.0), np.float64(5.25)), (np.float64(26.0), np.float64(29.25))]",,,,,,,,,,,,,,,
T_900,276.87,27.64,2026-05-13 23:31:48,True,True,"[(np.float64(0.0), np.float64(1.75)), (np.float64(20.5), np.float64(25.5)), (np.float64(44.5), np.float64(48.0))]",False,False,"[(np.float64(7.0), np.float64(9.5)), (np.float64(31.0), np.float64(33.25))]",False,False,"[(np.float64(6.25), np.float64(11.0)), (np.float64(30.25), np.float64(35.0))]",,,,,,,,,,,1.037,0.115,90.85,-15.1,-33.97
T_901,257.21,-42.14,2026-11-16 02:43:45,False,False,[],False,False,[],False,False,[],,,,,,,,,,,,,,,
T_902,49.37,-74.81,2027-02-08 22:49:00,False,False,[],False,False,"[(np.float64(2.25), np.float64(5.25)), (np.float64(26.25), np.float64(29.25))]",False,False,[],,,,,,,,,,,,,,,
T_903,166.78,-16.86,2026-04-30 03:41:40,False,False,"[(np.float64(14.25), np.float64(17.0)), (np.float64(38.25), np.float64(41.0))]",True,True,"[(np.float64(0.0), np.float64(1.75)), (np.float64(20.0), np.float64(25.75)), (np.float64(44.0), np.float64(48.0))]",False,False,"[(np.float64(0.25), np.float64(2.25)), (np.float64(24.25), np.float64(26.25))]",,,,,,1.219,0.976,31.38,72.08,-70.19,,,,,
T_904,138.94,-10.43,2026-05-05 22:21:31,False,False,"[(np.float64(19.5), np.float64(20.5)), (np.float64(43.5), np.float64(44.5))]",False,False,"[(np.float64(1.25), np.float64(4.75)), (np.float64(25.25), np.float64(28.5))]",False,False,"[(np.float64(5.5), np.float64(6.0)), (np.float64(29.75), np.float64(30.0))]",,,,,,,,,,,,,,,
T_905,254.95,21.15,2026-08-27 14:36:38,False,False,"[(np.float64(3.0), np.float64(6.0)), (np.float64(27.0), np.float64(30.0))]",False,False,"[(np.float64(9.25), np.float64(10.75)), (np.float64(33.25), np.float64(34.75))]",False,False,"[(np.float64(13.0), np.float64(15.75)), (np.float64(37.0), np.float64(39.75))]",,,,,,,,,,,,,,,
T_906,18.14,-34.11,2026-05-07 09:08:20,False,False,[],False,False,[],False,False,[],,,,,,,,,,,,,,,
T_907,16.64,-7.0,2026-10-16 09:47:39,False,False,"[(np.float64(8.25), np.float64(14.5)), (np.float64(32.0), np.float64(38.5))]",False,False,"[(np.float64(14.5), np.float64(22.25)), (np.float64(38.5), np.float64(46.0))]",True,True,"[(np.float64(0.0), np.float64(0.0)), (np.float64(18.25), np.float64(24.0)), (np.float64(42.0), np.float64(48.0))]",1.896,0.294,103.39,-65.45,-46.18,,,,,,,,,,
T_908,164.84,3.17,2027-01-31 15:24:48,False,False,"[(np.float64(5.0), np.float64(11.5)), (np.float64(28.75), np.float64(35.5))]",False,False,"[(np.float64(12.25), np.float64(17.25)), (np.float64(36.0), np.float64(41.25))]",False,False,"[(np.float64(14.75), np.float64(21.5)), (np.float64(38.75), np.float64(45.5))]",,,,,,,,,,,,,,,
T_909,128.0,-39.82,2027-01-24 12:01:46,False,False,[],False,False,"[(np.float64(13.25), np.float64(20.5)), (np.float64(37.25), np.float64(44.5))]",False,False,[],,,,,,,,,,,,,,,
T_910,300.76,24.67,2026-03-27 15:06:38,False,False,"[(np.float64(9.75), np.float64(11.0)), (np.float64(33.75), np.float64(35.0))]",False,False,[],False,False,"[(np.float64(19.5), np.float64(20.75)), (np.float64(43.5), np.float64(44.75))]",,,,,,,,,,,,,,,
T_911,333.94,29.92,2026-03-10 22:24:46,False,False,[],False,False,[],False,False,[],,,,,,,,,,,,,,,
T_912,200.9,40.68,2027-01-08 11:12:47,False,False,"[(np.float64(11.75), np.float64(15.75)), (np.float64(35.75), np.float64(39.75))]",False,False,[],True,True,"[(np.float64(0.0), np.float64(1.75)), (np.float64(21.25), np.float64(25.75)), (np.float64(45.25), np.float64(48.0))]",1.15,0.004,109.77,-48.18,-40.84,,,,,,,,,,
T_913,140.15,22.1,2026-09-04 22:55:01,False,False,[],False,False,[],False,False,[],,,,,,,,,,,,,,,
T_914,4.7,-47.69,2026-05-19 08:28:18,False,False,[],True,True,"[(np.float64(0.0), np.float64(1.5)), (np.float64(23.75), np.float64(25.5)), (np.float64(47.75), np.float64(48.0))]",False,False,[],,,,,,1.832,0.096,110.12,-73.84,-37.58,,,,,
T_915,170.43,36.19,2026-04-06 21:28:54,True,True,"[(np.float64(0.0), np.float64(3.25)), (np.float64(20.0), np.float64(27.25)), (np.float64(44.0), np.float64(48.0))]",False,False,[],False,False,"[(np.float64(6.0), np.float64(13.25)), (np.float64(30.0), np.float64(37.25))]",,,,,,,,,,,1.058,0.795,97.54,10.71,-53.1
T_916,81.24,-39.48,2027-01-11 07:29:28,False,False,[],True,True,"[(np.float64(0.0), np.float64(0.0)), (np.float64(18.0), np.float64(24.0)), (np.float64(42.0), np.float64(48.0))]",False,False,[],,,,,,1.878,0.104,98.88,-49.94,-26.21,,,,,
T_917,303.07,22.24,2026-12-05 11:46:22,False,False,"[(np.float64(4.5), np.float64(5.5)), (np.float64(28.5), np.float64(29.5))]",False,False,[],False,False,"[(np.float64(14.0), np.float64(15.25)), (np.float64(38.0), np.float64(39.25))]",,,,,,,,,,,,,,,
T_918,39.61,45.82,2026-03-23 16:32:52,False,False,"[(np.float64(0.75), np.float64(0.75))]",False,False,[],False,False,"[(np.float64(10.75), np.float64(10.75)), (np.float64(34.75), np.float64(34.75))]",,,,,,,,,,,,,,,
T_919,196.85,71.23,2027-02-03 08:23:00,False,False,"[(np.float64(12.0), np.float64(18.5)), (np.float64(36.0), np.float64(42.5))]",False,False,[],True,True,"[(np.float64(0.0), np.float64(4.5)), (np.float64(20.75), np.float64(28.5)), (np.float64(44.75), np.float64(48.0))]",1.406,0.097,113.12,-48.92,-69.49,,,,,,,,,,
T_920,61.37,-7.12,2026-06-26 12:22:33,False,False,[],False,False,[],False,False,[],,,,,,,,,,,,,,,
T_921,98.2,-63.04,2026-08-11 17:12:43,False,False,[],False,False,"[(np.float64(15.5), np.float64(16.75)), (np.float64(39.25), np.float64(40.5))]",False,False,[],,,,,,,,,,,,,,,
T_922,34.53,-23.06,2026-03-24 10:38:51,False,False,[],False,False,[],False,False,[],,,,,,,,,,,,,,,
T_923,95.11,-15.72,2027-01-22 18:22:35,True,True,"[(np.float64(0.0), np.float64(4.0)), (np.float64(23.0), np.float64(28.0)), (np.float64(46.75), np.float64(48.0))]",False,False,"[(np.float64(7.0), np.float64(12.75)), (np.float64(31.0), np.float64(36.5))]",False,False,"[(np.float64(9.25), np.float64(13.5)), (np.float64(33.0), np.float64(37.25))]",,,,,,,,,,,1.582,0.999,48.84,37.75,-41.89
T_924,294.76,1.03,2027-01-31 16:54:51,False,False,[],False,False,[],False,False,[],,,,,,,,,,,,,,,
T_925,14.21,-2.69,2026-04-14 08:59:52,False,False,[],False,False,[],False,False,[],,,,,,,,,,,,,,,
T_926,179.68,50.9,2026-09-27 06:36:50,False,False,[],False,False,[],False,False,[],,,,,,,,,,,,,,,
T_927,245.16,5.33,2026-07-21 01:21:03,False,False,"[(np.float64(17.0), np.float64(20.5)), (np.float64(41.0), np.float64(44.5))]",True,True,"[(np.float64(0.0), np.float64(3.0)), (np.float64(22.25), np.float64(27.0)), (np.float64(46.25), np.float64(48.0))]",False,False,"[(np.float64(3.0), np.float64(6.25)), (np.float64(27.0), np.float64(30.0))]",,,,,,1.215,0.461,48.93,42.07,-42.33,,,,,
T_928,338.19,-30.08,2026-09-12 06:39:54,False,False,"[(np.float64(38.0), np.float64(38.0))]",True,True,"[(np.float64(0.0), np.float64(1.75)), (np.float64(17.25), np.float64(25.75)), (np.float64(41.25), np.float64(48.0))]",False,False,[],,,,,,1.241,0.016,139.27,-52.82,-51.98,,,,,
T_929,302.95,19.98,2026-11-30 19:21:38,False,False,"[(np.float64(20.75), np.float64(22.0)), (np.float64(44.75), np.float64(46.0))]",False,False,[],False,False,"[(np.float64(6.5), np.float64(8.0)), (np.float64(30.5), np.float64(32.0))]",,,,,,,,,,,,,,,
T_930,329.6,-23.39,2026-10-26 08:00:24,False,False,"[(np.float64(8.5), np.float64(11.0)), (np.float64(32.5), np.float64(35.0))]",False,False,"[(np.float64(16.5), np.float64(20.75)), (np.float64(40.5), np.float64(44.75))]",False,False,"[(np.float64(18.25), np.float64(20.0)), (np.float64(42.25), np.float64(44.0))]",,,,,,,,,,,,,,,
T_931,14.83,-55.14,2026-04-18 20:09:00,False,False,[],False,False,[],False,False,[],,,,,,,,,,,,,,,
T_932,119.61,-5.15,2026-07-04 04:24:37,False,False,[],False,False,[],False,False,[],,,,,,,,,,,,,,,
T_933,84.85,53.31,2026-08-19 08:38:06,False,False,"[(np.float64(15.75), np.float64(17.0)), (np.float64(39.5), np.float64(41.0))]",False,False,[],False,False,"[(np.float64(1.0), np.float64(2.5)), (np.float64(25.0), np.float64(26.5))]",,,,,,,,,,,,,,,
T_934,92.98,4.46,2026-08-07 23:20:35,False,False,[],False,False,[],False,False,[],,,,,,,,,,,,,,,
T_935,299.49,11.31,2026-07-01 00:29:57,True,True,"[(np.float64(0.0), np.float64(0.5)), (np.float64(18.5), np.float64(24.5)), (np.float64(42.5), np.float64(48.0))]",False,False,"[(np.float64(2.75), np.float64(8.5)), (np.float64(26.5), np.float64(32.5))]",False,False,"[(np.float64(4.25), np.float64(10.0)), (np.float64(28.25), np.float64(34.0))]",,,,,,,,,,,1.128,0.99,37.95,27.42,-23.52
T_936,336.34,-37.01,2026-04-11 21:06:12,False,False,[],False,False,"[(np.float64(12.0), np.float64(12.5)), (np.float64(36.0), np.float64(36.5))]",False,False,[],,,,,,,,,,,,,,,
T_937,133.56,-22.49,2026-08-14 07:33:43,False,False,[],False,False,[],False,False,[],,,,,,,,,,,,,,,
T_938,244.64,7.73,2026-12-17 01:10:07,False,False,[],False,False,[],False,False,[],,,,,,,,,,,,,,,
T_939,262.67,39.33,2026-06-19 03:57:32,False,False,"[(np.float64(14.5), np.float64(21.0)), (np.float64(38.5), np.float64(45.0))]",False,False,[],False,False,"[(np.float64(0.75), np.float64(6.25)), (np.float64(24.75), np.float64(30.25))]",,,,,,,,,,,,,,,
T_940,65.76,-76.88,2027-02-21 14:15:50,False,False,[],False,False,"[(np.float64(10.75), np.float64(14.0)), (np.float64(34.5), np.float64(38.0))]",False,False,[],,,,,,,,,,,,,,,
T_941,177.95,25.64,2026-10-21 02:43:28,False,False,[],False,False,[],False,False,[],,,,,,,,,,,,,,,
T_942,274.06,-42.66,2026-06-24 15:01:28,False,False,[],False,False,"[(np.float64(9.0), np.float64(18.5)), (np.float64(32.75), np.float64(42.5))]",False,False,[],,,,,,,,,,,,,,,
T_943,322.37,-7.79,2026-06-25 00:22:08,True,True,"[(np.float64(0.0), np.float64(0.5)), (np.float64(21.5), np.float64(24.5)), (np.float64(45.25), np.float64(48.0))]",False,False,"[(np.float64(3.75), np.float64(9.75)), (np.float64(27.75), np.float64(33.75))]",False,False,"[(np.float64(7.5), np.float64(10.0)), (np.float64(31.5), np.float64(34.0))]",,,,,,,,,,,1.281,0.79,104.75,-17.57,-24.23
T_944,269.18,-56.74,2026-06-13 14:28:33,False,False,[],False,False,"[(np.float64(9.5), np.float64(19.5)), (np.float64(33.5), np.float64(43.5))]",False,False,[],,,,,,,,,,,,,,,
T_945,237.42,-27.73,2026-05-30 07:03:07,False,False,"[(np.float64(13.0), np.float64(15.0)), (np.float64(36.75), np.float64(38.75))]",True,True,"[(np.float64(0.0), np.float64(1.5)), (np.float64(16.5), np.float64(25.5)), (np.float64(40.5), np.float64(48.0))]",False,False,[],,,,,,1.293,0.988,5.69,45.47,-57.09,,,,,
T_946,54.02,30.89,2027-01-25 06:20:37,False,False,"[(np.float64(10.25), np.float64(15.25)), (np.float64(34.25), np.float64(39.25))]",False,False,[],True,True,"[(np.float64(0.0), np.float64(1.25)), (np.float64(20.0), np.float64(25.0)), (np.float64(44.0), np.float64(48.0))]",1.4,0.894,104.61,29.6,-66.54,,,,,,,,,,
T_947,212.28,52.92,2026-12-01 02:00:47,True,True,"[(np.float64(0.0), np.float64(0.75)), (np.float64(24.0), np.float64(24.75)), (np.float64(48.0), np.float64(48.0))]",False,False,[],False,False,"[(np.float64(9.5), np.float64(10.75)), (np.float64(33.25), np.float64(34.75))]",,,,,,,,,,,1.947,0.52,62.82,58.77,-29.12
T_948,28.39,43.38,2026-03-16 00:01:44,False,False,[],False,False,[],False,False,"[(np.float64(3.0), np.float64(3.0))]",,,,,,,,,,,,,,,
T_949,303.57,4.89,2027-01-25 06:12:45,False,False,[],False,False,[],False,False,[],,,,,,,,,,,,,,,
T_950,73.51,64.69,2026-07-21 13:31:10,False,False,"[(np.float64(11.75), np.float64(11.75)), (np.float64(35.75), np.float64(35.75))]",False,False,[],False,False,"[(np.float64(20.75), np.float64(21.25)), (np.float64(44.75), np.float64(45.25))]",,,,,,,,,,,,,,,
T_951,287.28,25.85,2026-11-22 21:14:42,False,False,"[(np.float64(19.0), np.float64(19.75)), (np.float64(43.0), np.float64(43.75))]",False,False,[],False,False,"[(np.float64(4.75), np.float64(5.75)), (np.float64(28.75), np.float64(29.75))]",,,,,,,,,,,,,,,
T_952,197.77,73.18,2026-05-11 01:11:04,True,True,"[(np.float64(0.0), np.float64(0.0)), (np.float64(16.75), np.float64(24.0)), (np.float64(40.75), np.float64(47.75))]",False,False,[],False,False,"[(np.float64(3.0), np.float64(9.5)), (np.float64(27.0), np.float64(33.5))]",,,,,,,,,,,1.973,0.383,113.16,23.23,-19.53
T_953,138.05,-26.83,2026-08-20 12:24:06,False,False,[],False,False,[],False,False,[],,,,,,,,,,,,,,,
T_954,229.32,-7.05,2027-01-19 05:00:49,False,False,"[(np.float64(20.75), np.float64(22.0)), (np.float64(44.75), np.float64(46.0))]",False,False,"[(np.float64(3.25), np.float64(3.25)), (np.float64(27.25), np.float64(27.5))]",False,False,"[(np.float64(7.0), np.float64(8.0)), (np.float64(30.75), np.float64(32.0))]",,,,,,,,,,,,,,,
T_955,133.89,-27.86,2026-09-16 10:52:42,False,False,[],False,False,[],False,False,[],,,,,,,,,,,,,,,
T_956,216.89,64.57,2026-04-01 21:16:12,True,True,"[(np.float64(0.0), np.float64(4.75)), (np.float64(20.75), np.float64(28.75)), (np.float64(44.75), np.float64(48.0))]",False,False,[],False,False,"[(np.float64(6.0), np.float64(14.5)), (np.float64(30.0), np.float64(38.25))]",,,,,,,,,,,1.306,0.999,74.58,52.9,-54.54
T_957,316.88,-10.53,2026-09-06 16:33:23,False,False,"[(np.float64(0.75), np.float64(6.25)), (np.float64(24.75), np.float64(30.0))]",False,False,"[(np.float64(7.5), np.float64(14.25)), (np.float64(31.5), np.float64(38.0))]",False,False,"[(np.float64(10.75), np.float64(15.5)), (np.float64(34.75), np.float64(39.5))]",,,,,,,,,,,,,,,
T_958,75.25,39.6,2027-02-12 06:37:37,False,False,"[(np.float64(10.25), np.float64(15.5)), (np.float64(34.25), np.float64(39.25))]",False,False,[],True,True,"[(np.float64(0.0), np.float64(1.5)), (np.float64(20.0), np.float64(25.25)), (np.float64(44.0), np.float64(48.0))]",1.36,0.286,52.09,-4.75,-64.57,,,,,,,,,,
T_959,325.06,-14.78,2026-12-11 17:56:32,False,False,"[(np.float64(22.25), np.float64(22.75)), (np.float64(46.25), np.float64(46.5))]",False,False,"[(np.float64(7.25), np.float64(7.25)), (np.float64(31.25), np.float64(31.25))]",False,False,"[(np.float64(8.0), np.float64(8.0)), (np.float64(32.0), np.float64(32.0))]",,,,,,,,,,,,,,,
T_960,63.61,61.79,2026-12-19 10:03:34,False,False,"[(np.float64(6.25), np.float64(15.25)), (np.float64(30.25), np.float64(39.25))]",False,False,[],True,True,"[(np.float64(0.0), np.float64(1.75)), (np.float64(16.0), np.float64(25.75)), (np.float64(40.0), np.float64(48.0))]",1.473,0.723,58.33,-6.48,-53.61,,,,,,,,,,
T_961,147.52,-39.3,2026-10-25 20:10:50,False,False,[],False,False,"[(np.float64(11.25), np.float64(12.25)), (np.float64(35.25), np.float64(36.25))]",False,False,[],,,,,,,,,,,,,,,
T_962,71.81,-51.2,2026-05-28 00:49:32,False,False,[],False,False,[],False,False,[],,,,,,,,,,,,,,,
T_963,158.47,-8.5,2026-10-27 22:26:18,False,False,[],False,False,[],False,False,[],,,,,,,,,,,,,,,
T_964,236.63,0.06,2026-07-24 03:03:59,False,False,"[(np.float64(15.25), np.float64(17.75)), (np.float64(39.25), np.float64(41.75))]",True,True,"[(np.float64(0.0), np.float64(0.75)), (np.float64(20.5), np.float64(24.75)), (np.float64(44.5), np.float64(48.0))]",False,False,"[(np.float64(1.25), np.float64(3.5)), (np.float64(25.25), np.float64(27.25))]",,,,,,1.499,0.748,25.28,54.36,-64.32,,,,,
T_965,301.54,9.65,2027-01-30 01:09:13,False,False,[],False,False,[],False,False,[],,,,,,,,,,,,,,,
T_966,146.42,25.8,2026-04-30 19:04:31,True,True,"[(np.float64(0.0), np.float64(2.25)), (np.float64(22.75), np.float64(26.25)), (np.float64(46.75), np.float64(48.0))]",False,False,"[(np.float64(4.5), np.float64(6.5)), (np.float64(28.5), np.float64(30.25))]",False,False,"[(np.float64(8.75), np.float64(12.0)), (np.float64(32.75), np.float64(36.0))]",,,,,,,,,,,1.149,0.991,71.68,37.24,-31.92
T_967,34.7,-43.52,2026-05-08 16:43:53,False,False,[],False,False,[],False,False,[],,,,,,,,,,,,,,,
T_968,184.64,50.98,2026-03-31 10:26:56,False,False,"[(np.float64(7.0), np.float64(15.5)), (np.float64(31.0), np.float64(39.5))]",False,False,[],True,True,"[(np.float64(0.0), np.float64(1.25)), (np.float64(17.0), np.float64(25.25)), (np.float64(41.0), np.float64(48.0))]",1.276,0.971,50.35,23.07,-33.21,,,,,,,,,,
T_969,236.26,53.53,2027-02-07 03:42:54,False,False,"[(np.float64(19.5), np.float64(23.25)), (np.float64(43.25), np.float64(47.25))]",False,False,[],False,False,"[(np.float64(4.75), np.float64(9.0)), (np.float64(28.75), np.float64(33.0))]",,,,,,,,,,,,,,,
T_970,285.82,4.7,2026-08-04 05:25:18,False,False,"[(np.float64(12.75), np.float64(18.25)), (np.float64(36.75), np.float64(42.0))]",True,True,"[(np.float64(0.0), np.float64(0.75)), (np.float64(18.25), np.float64(24.75)), (np.float64(42.25), np.float64(48.0))]",True,True,"[(np.float64(0.0), np.float64(4.0)), (np.float64(22.75), np.float64(27.75)), (np.float64(46.75), np.float64(48.0))]",1.157,0.702,88.95,2.89,-29.81,1.534,0.702,88.74,25.23,-75.39,,,,,
T_971,201.84,46.74,2026-03-18 05:32:19,False,False,"[(np.float64(12.75), np.float64(20.75)), (np.float64(36.75), np.float64(44.75))]",False,False,[],True,True,"[(np.float64(0.0), np.float64(6.5)), (np.float64(22.25), np.float64(30.5)), (np.float64(46.25), np.float64(48.0))]",1.355,0.009,128.73,-54.75,-45.72,,,,,,,,,,
T_972,198.0,41.4,2026-10-11 21:08:38,False,False,[],False,False,[],False,False,[],,,,,,,,,,,,,,,
T_973,83.66,62.48,2026-08-07 09:41:42,False,False,"[(np.float64(15.25), np.float64(15.75)), (np.float64(39.0), np.float64(39.75))]",False,False,[],False,False,"[(np.float64(0.5), np.float64(1.25)), (np.float64(24.25), np.float64(25.25))]",,,,,,,,,,,,,,,
T_974,137.3,38.23,2026-10-29 18:25:30,False,False,"[(np.float64(5.0), np.float64(8.0)), (np.float64(29.0), np.float64(32.0))]",False,False,[],False,False,"[(np.float64(14.75), np.float64(17.75)), (np.float64(38.5), np.float64(41.75))]",,,,,,,,,,,,,,,
T_975,127.88,-8.37,2027-02-12 08:39:12,False,False,"[(np.float64(9.0), np.float64(15.0)), (np.float64(33.0), np.float64(39.0))]",False,False,"[(np.float64(16.5), np.float64(23.0)), (np.float64(40.5), np.float64(47.0))]",True,True,"[(np.float64(0.0), np.float64(0.75)), (np.float64(19.0), np.float64(24.5)), (np.float64(43.0), np.float64(48.0))]",1.652,0.294,105.4,-24.93,-65.22,,,,,,,,,,
T_976,269.09,18.16,2026-06-25 05:13:08,False,False,"[(np.float64(13.25), np.float64(19.75)), (np.float64(37.25), np.float64(43.75))]",True,True,"[(np.float64(0.0), np.float64(1.75)), (np.float64(20.75), np.float64(25.5)), (np.float64(44.75), np.float64(48.0))]",True,True,"[(np.float64(0.0), np.float64(5.25)), (np.float64(23.5), np.float64(29.25)), (np.float64(47.5), np.float64(48.0))]",1.166,0.805,64.24,30.66,-23.47,1.515,0.805,64.03,31.27,-81.48,,,,,
T_977,326.89,39.9,2027-01-13 13:05:24,False,False,"[(np.float64(3.5), np.float64(3.75)), (np.float64(27.5), np.float64(27.75))]",False,False,[],False,False,"[(np.float64(13.25), np.float64(13.75)), (np.float64(37.25), np.float64(37.5))]",,,,,,,,,,,,,,,
T_978,246.9,15.51,2027-03-03 22:18:01,False,False,"[(np.float64(1.0), np.float64(4.25)), (np.float64(25.0), np.float64(28.25))]",False,False,"[(np.float64(9.5), np.float64(10.75)), (np.float64(33.5), np.float64(34.75))]",False,False,"[(np.float64(10.75), np.float64(14.0)), (np.float64(34.75), np.float64(38.0))]",,,,,,,,,,,,,,,
T_979,261.74,-57.46,2026-12-19 09:36:09,False,False,[],False,False,[],False,False,[],,,,,,,,,,,,,,,
T_980,53.69,-29.95,2026-05-11 15:10:41,False,False,[],False,False,[],False,False,[],,,,,,,,,,,,,,,
T_981,331.22,17.06,2026-06-09 06:53:37,False,False,"[(np.float64(15.5), np.float64(18.0)), (np.float64(39.5), np.float64(42.0))]",False,False,"[(np.float64(0.25), np.float64(3.0)), (np.float64(24.25), np.float64(27.0)), (np.float64(48.0), np.float64(48.0))]",False,False,"[(np.float64(1.25), np.float64(3.5)), (np.float64(25.25), np.float64(27.5))]",,,,,,,,,,,,,,,
T_982,288.19,46.03,2027-01-11 06:18:50,False,False,[],False,False,[],False,False,[],,,,,,,,,,,,,,,
T_983,343.72,65.99,2026-04-05 09:40:01,False,False,[],False,False,[],False,False,"[(np.float64(1.75), np.float64(2.0)), (np.float64(25.5), np.float64(26.0))]",,,,,,,,,,,,,,,
T_984,221.15,-28.69,2027-01-29 16:15:55,False,False,"[(np.float64(10.75), np.float64(10.75)), (np.float64(34.75), np.float64(34.75))]",False,False,"[(np.float64(14.0), np.float64(16.25)), (np.float64(38.0), np.float64(40.25))]",False,False,[],,,,,,,,,,,,,,,
T_985,23.56,-27.52,2026-12-16 05:38:21,False,False,"[(np.float64(10.75), np.float64(13.0)), (np.float64(34.75), np.float64(37.0))]",False,False,"[(np.float64(19.75), np.float64(23.5)), (np.float64(43.75), np.float64(47.25))]",False,False,[],,,,,,,,,,,,,,,
T_986,202.28,-22.38,2026-09-12 10:21:20,False,False,[],False,False,[],False,False,[],,,,,,,,,,,,,,,
T_987,29.53,15.38,2026-04-10 18:38:51,False,False,[],False,False,[],False,False,[],,,,,,,,,,,,,,,
T_988,81.03,6.98,2026-10-15 13:26:40,False,False,"[(np.float64(8.25), np.float64(12.75)), (np.float64(32.25), np.float64(36.75))]",False,False,"[(np.float64(15.75), np.float64(19.25)), (np.float64(39.75), np.float64(43.0))]",False,False,"[(np.float64(18.0), np.float64(22.5)), (np.float64(42.0), np.float64(46.5))]",,,,,,,,,,,,,,,
T_989,133.36,48.01,2026-11-09 07:50:56,False,False,"[(np.float64(14.5), np.float64(18.75)), (np.float64(38.5), np.float64(42.75))]",False,False,[],True,True,"[(np.float64(0.0), np.float64(4.5)), (np.float64(24.0), np.float64(28.5)), (np.float64(47.75), np.float64(48.0))]",1.905,0.002,105.88,-73.97,-70.02,,,,,,,,,,
T_990,336.94,-46.99,2026-10-31 18:48:06,False,False,[],False,False,"[(np.float64(5.75), np.float64(10.75)), (np.float64(29.75), np.float64(34.5))]",False,False,[],,,,,,,,,,,,,,,
T_991,248.26,49.55,2026-04-21 02:29:04,False,False,"[(np.float64(16.75), np.float64(23.0)), (np.float64(40.75), np.float64(47.0))]",False,False,[],False,False,"[(np.float64(2.25), np.float64(8.75)), (np.float64(26.0), np.float64(32.75))]",,,,,,,,,,,,,,,
T_992,94.53,-54.88,2026-03-08 18:31:01,False,False,[],False,False,"[(np.float64(6.0), np.float64(10.5)), (np.float64(30.0), np.float64(34.5))]",False,False,[],,,,,,,,,,,,,,,
T_993,17.04,32.62,2026-03-13 06:53:23,False,False,[],False,False,[],False,False,[],,,,,,,,,,,,,,,
T_994,302.61,-9.83,2026-08-26 16:50:07,False,False,"[(np.float64(0.75), np.float64(5.75)), (np.float64(24.75), np.float64(29.5))]",False,False,"[(np.float64(7.0), np.float64(13.75)), (np.float64(31.0), np.float64(37.5))]",False,False,"[(np.float64(10.75), np.float64(15.25)), (np.float64(34.75), np.float64(39.0))]",,,,,,,,,,,,,,,
T_995,179.87,-20.1,2026-11-18 05:52:22,False,False,[],False,False,[],False,False,[],,,,,,,,,,,,,,,
T_996,234.23,-42.07,2027-02-04 21:52:09,False,False,[],False,False,"[(np.float64(8.75), np.float64(10.75)), (np.float64(32.5), np.float64(34.75))]",False,False,[],,,,,,,,,,,,,,,
T_997,350.31,-12.91,2026-10-24 03:44:01,False,False,"[(np.float64(12.75), np.float64(17.75)), (np.float64(36.75), np.float64(41.75))]",True,True,"[(np.float64(0.0), np.float64(2.25)), (np.float64(20.75), np.float64(26.25)), (np.float64(44.75), np.float64(48.0))]",True,True,"[(np.float64(0.0), np.float64(3.25)), (np.float64(22.5), np.float64(27.25)), (np.float64(46.5), np.float64(48.0))]",1.533,0.948,20.93,50.75,-37.85,1.156,0.948,21.44,52.7,-47.72,,,,,
T_998,183.95,19.93,2027-02-13 02:05:17,True,True,"[(np.float64(0.0), np.float64(0.75)), (np.float64(18.0), np.float64(24.75)), (np.float64(42.0), np.float64(48.0))]",False,False,"[(np.float64(3.0), np.float64(6.75)), (np.float64(27.0), np.float64(30.75))]",False,False,"[(np.float64(3.75), np.float64(10.5)), (np.float64(27.75), np.float64(34.5))]",,,,,,,,,,,1.101,0.367,131.72,-41.2,-30.09
T_999,155.28,-69.15,2026-11-07 02:26:32,False,False,[],False,False,"[(np.float64(4.25), np.float64(5.75)), (np.float64(28.25), np.float64(29.75))]",False,False,[],,,,,,,,,,,,,,,
